Student,Subject1,Subject2,Subject3,Subject4,Subject5
S1,1,3,3,3,2
S2,1,1,1,1,1
S3,1,1,1,1,1
S4,3,1,1,1,3
S5,1,3,1,1,1
S6,1,2,1,2,1
S7,3,3,1,1,3
S8,1,2,1,1,1
S9,1,2,2,2,1
S10,1,2,2,1,2
S11,2,1,2,1,1
S12,2,2,4,2,4
S13,1,1,1,3,3
S14,1,2,1,1,1
S15,3,3,2,2,4
S16,3,2,2,2,1
S17,1,3,2,2,3
S18,2,4,1,2,2
S19,1,1,1,1,1
S20,2,1,3,2,1
S21,3,2,2,3,1
S22,4,3,4,1,1
S23,3,2,1,1,1
S24,1,1,3,1,1
S25,1,1,2,2,3
S26,3,1,1,1,1
S27,3,4,2,3,3
S28,1,1,3,1,3
S29,3,3,3,3,1
S30,1,1,1,1,2
S31,4,3,5,3,1
S32,3,2,4,3,4
S33,1,1,1,1,1
S34,1,2,1,1,2
S35,3,2,4,3,4
S36,3,1,1,2,2
S37,2,1,3,2,3
S38,3,1,4,1,1
S39,3,2,1,3,2
S40,2,1,2,1,1
S41,4,1,5,5,4
S42,2,1,2,1,3
S43,1,2,1,1,1
S44,1,1,4,4,2
S45,1,1,1,3,1
S46,1,1,1,3,1
S47,1,1,1,3,1
S48,1,1,1,1,1
S49,1,3,2,5,3
S50,1,2,1,1,2
S51,3,4,5,5,4
S52,2,1,1,2,2
S53,1,2,2,4,5
S54,2,4,2,3,3
S55,1,1,3,2,1
S56,2,4,3,3,3
S57,1,1,1,3,1
S58,1,1,1,1,1
S59,1,2,2,2,3
S60,3,3,3,4,5
S61,1,1,1,2,3
S62,2,2,2,2,1
S63,1,2,2,1,3
S64,4,5,2,4,3
S65,1,2,1,2,1
S66,1,1,2,2,4
S67,3,3,3,4,3
S68,3,3,2,1,4
S69,3,3,1,2,3
S70,2,2,2,1,2
S71,1,1,3,3,1
S72,1,3,1,2,1
S73,4,2,1,2,4
S74,1,2,1,1,1
S75,3,1,2,4,3
S76,2,1,2,3,2
S77,3,1,1,1,1
S78,2,2,3,1,2
S79,1,1,1,1,1
S80,1,1,1,2,3
S81,1,3,2,1,5
S82,1,3,1,2,2
S83,1,2,4,1,1
S84,1,1,1,3,2
S85,1,3,5,3,2
S86,3,1,1,2,3
S87,1,1,1,1,1
S88,1,1,1,1,1
S89,3,3,3,2,2
S90,2,3,3,1,4
S91,1,1,1,1,1
S92,1,2,1,2,1
S93,2,1,1,2,3
S94,3,1,2,3,3
S95,2,2,3,4,3
S96,2,2,2,3,2
S97,1,2,1,2,2
S98,3,1,1,2,3
S99,2,2,3,2,1
S100,3,1,3,3,4
S101,3,2,2,3,1
S102,1,3,1,2,2
S103,2,1,1,1,2
S104,4,4,5,2,2
S105,2,2,1,1,2
S106,4,2,2,2,3
S107,2,1,1,4,3
S108,4,1,2,3,4
S109,1,1,4,2,3
S110,1,1,1,2,4
S111,1,1,1,1,2
S112,2,4,3,2,1
S113,1,1,1,1,1
S114,5,3,3,4,3
S115,3,1,1,1,1
S116,2,1,1,1,3
S117,2,1,1,1,1
S118,2,2,3,1,4
S119,1,1,1,1,3
S120,1,2,1,2,1
S121,1,1,3,1,2
S122,1,1,4,2,2
S123,2,1,1,2,3
S124,2,1,1,1,1
S125,1,1,3,2,1
S126,2,1,2,3,2
S127,1,2,1,1,2
S128,2,1,1,1,1
S129,2,1,4,1,1
S130,1,1,1,3,1
S131,2,2,2,1,4
S132,1,2,1,2,2
S133,1,2,1,1,3
S134,2,2,2,2,2
S135,1,1,2,1,1
S136,2,1,1,1,2
S137,1,3,1,4,2
S138,1,3,2,2,1
S139,3,5,4,4,5
S140,1,4,1,1,3
S141,2,3,2,2,2
S142,1,1,1,2,1
S143,1,1,4,1,3
S144,5,2,2,2,2
S145,2,2,2,1,3
S146,1,1,1,1,1
S147,2,3,1,3,3
S148,3,1,1,1,1
S149,3,3,4,2,1
S150,1,1,3,3,5
S151,1,1,2,1,1
S152,3,4,5,5,3
S153,2,1,1,2,2
S154,2,1,1,1,3
S155,3,1,2,1,2
S156,2,2,2,1,2
S157,1,1,1,1,1
S158,1,1,3,4,2
S159,1,1,1,1,2
S160,1,1,1,1,1
S161,2,1,3,3,1
S162,3,1,1,1,1
S163,1,1,2,1,1
S164,2,2,3,2,2
S165,1,2,4,3,2
S166,2,1,3,1,1
S167,1,2,1,2,1
S168,1,1,1,1,1
S169,3,2,1,1,2
S170,3,4,1,5,5
S171,1,1,1,1,1
S172,1,3,2,1,2
S173,2,1,3,2,2
S174,4,3,2,4,3
S175,2,4,1,2,1
S176,1,2,5,4,3
S177,1,2,1,1,3
S178,1,2,3,1,1
S179,3,5,4,5,3
S180,1,3,3,1,2
S181,3,2,1,2,2
S182,2,2,1,1,1
S183,3,1,4,2,1
S184,1,1,1,2,1
S185,2,1,1,2,3
S186,2,1,1,2,1
S187,1,1,1,1,1
S188,1,2,1,3,3
S189,1,5,1,2,1
S190,1,1,3,1,1
S191,3,5,4,3,3
S192,2,3,3,3,2
S193,1,1,2,1,2
S194,4,3,5,4,2
S195,4,3,4,3,3
S196,1,1,1,2,1
S197,1,1,1,1,2
S198,2,3,5,3,2
S199,2,2,1,1,4
S200,1,2,1,1,1
S201,2,2,3,3,2
S202,1,1,1,1,3
S203,4,3,1,1,2
S204,1,2,1,2,2
S205,4,2,1,2,2
S206,2,2,2,1,2
S207,2,1,1,2,2
S208,1,1,3,1,2
S209,5,2,4,3,3
S210,1,1,1,2,3
S211,3,1,3,2,2
S212,1,3,1,2,3
S213,1,1,1,1,1
S214,2,1,1,2,2
S215,1,1,2,3,1
S216,2,1,1,1,1
S217,1,1,3,1,3
S218,2,2,2,4,3
S219,1,1,1,2,2
S220,4,3,1,1,4
S221,4,1,2,1,2
S222,2,2,3,4,2
S223,2,3,2,2,1
S224,2,3,3,4,3
S225,4,1,1,1,1
S226,1,1,1,1,1
S227,1,1,1,1,2
S228,1,3,3,1,2
S229,1,1,1,1,2
S230,1,1,1,1,2
S231,2,4,1,1,2
S232,2,1,1,2,2
S233,3,2,2,3,3
S234,1,1,2,2,2
S235,1,3,1,1,3
S236,2,1,1,4,2
S237,4,1,1,2,3
S238,3,3,1,3,4
S239,1,1,1,3,1
S240,2,1,2,1,1
S241,2,2,1,1,1
S242,1,3,1,1,3
S243,1,1,2,2,1
S244,2,1,3,2,2
S245,3,4,1,3,3
S246,2,1,1,4,1
S247,1,1,1,1,1
S248,3,3,3,2,4
S249,2,1,1,2,1
S250,2,2,1,1,3
S251,3,3,5,3,1
S252,2,2,1,3,3
S253,1,1,2,1,3
S254,1,3,2,1,2
S255,3,4,1,1,2
S256,2,4,2,3,3
S257,2,1,2,1,1
S258,1,1,2,3,4
S259,3,3,1,2,2
S260,3,2,1,2,2
S261,1,3,1,1,1
S262,1,3,2,1,3
S263,2,2,4,2,4
S264,1,2,1,2,1
S265,3,1,2,3,2
S266,4,2,5,4,2
S267,2,1,3,2,2
S268,1,1,1,1,1
S269,2,2,3,4,2
S270,1,1,2,1,1
S271,1,1,2,1,1
S272,1,2,1,2,1
S273,2,2,1,1,1
S274,2,2,4,1,2
S275,2,2,3,4,2
S276,1,2,3,1,1
S277,2,3,5,3,2
S278,3,1,2,2,1
S279,1,3,1,2,3
S280,3,4,2,2,5
S281,2,1,2,1,1
S282,1,3,2,1,3
S283,2,3,4,4,4
S284,2,3,2,2,3
S285,2,3,2,2,3
S286,1,1,2,1,2
S287,1,1,3,1,1
S288,2,1,3,1,3
S289,1,2,1,1,1
S290,3,2,2,1,1
S291,1,1,2,2,1
S292,2,1,1,1,1
S293,4,1,1,2,2
S294,2,1,3,1,1
S295,3,1,2,2,1
S296,4,4,4,2,2
S297,2,3,2,2,2
S298,1,1,1,2,1
S299,1,2,2,1,2
S300,1,1,3,1,1
S301,1,1,1,1,1
S302,1,2,3,1,1
S303,1,1,1,1,1
S304,2,3,2,2,3
S305,1,2,4,2,3
S306,2,4,3,3,3
S307,1,2,1,1,2
S308,3,2,4,2,3
S309,1,1,1,1,1
S310,1,1,1,1,1
S311,4,5,4,4,2
S312,2,1,1,3,2
S313,2,2,1,1,3
S314,2,1,3,2,2
S315,2,1,1,2,1
S316,1,1,1,1,1
S317,2,2,3,2,3
S318,1,1,1,1,1
S319,2,1,1,1,5
S320,1,1,1,2,1
S321,2,1,3,1,1
S322,2,5,2,3,3
S323,2,3,2,5,5
S324,2,1,1,1,2
S325,1,2,2,2,1
S326,2,1,1,1,2
S327,3,1,1,1,1
S328,3,2,3,3,2
S329,1,1,1,2,2
S330,5,4,3,2,3
S331,1,1,3,1,1
S332,3,1,1,1,1
S333,2,2,3,1,2
S334,1,1,1,3,4
S335,1,1,1,1,1
S336,2,2,1,2,2
S337,1,2,1,2,1
S338,2,4,4,2,4
S339,1,1,1,1,3
S340,1,1,3,3,3
S341,3,2,2,3,4
S342,2,2,3,4,2
S343,3,2,4,2,2
S344,2,3,4,4,3
S345,3,2,4,4,3
S346,1,1,1,1,1
S347,2,1,1,1,2
S348,2,2,1,2,2
S349,1,1,1,1,2
S350,1,3,2,2,1
S351,2,2,1,3,1
S352,3,1,1,4,5
S353,1,1,1,1,1
S354,3,2,1,1,1
S355,2,1,1,1,3
S356,1,3,1,1,1
S357,2,1,3,1,1
S358,2,1,1,1,1
S359,4,1,2,1,2
S360,3,2,2,2,2
S361,2,2,4,3,1
S362,2,1,1,1,2
S363,4,2,2,3,2
S364,4,2,1,1,2
S365,3,2,3,1,3
S366,1,1,2,1,1
S367,1,1,1,1,1
S368,1,4,3,2,1
S369,3,2,4,1,1
S370,5,4,4,3,2
S371,2,1,1,1,2
S372,1,1,2,1,3
S373,1,1,1,1,3
S374,2,2,2,1,2
S375,1,1,1,2,1
S376,1,3,1,1,1
S377,1,1,2,2,1
S378,1,1,1,3,2
S379,2,1,4,1,1
S380,1,1,1,1,1
S381,3,3,3,2,3
S382,2,2,1,1,2
S383,1,2,2,2,1
S384,1,2,2,1,3
S385,3,2,1,1,2
S386,2,3,2,4,3
S387,1,1,3,2,3
S388,2,1,2,1,2
S389,2,1,1,2,2
S390,1,1,1,2,1
S391,1,2,2,1,3
S392,1,1,1,1,2
S393,1,1,2,2,2
S394,2,4,1,3,4
S395,1,2,1,1,2
S396,1,1,1,1,1
S397,2,3,1,1,2
S398,2,3,1,1,3
S399,2,2,4,3,3
S400,1,2,1,2,1
S401,2,1,1,2,4
S402,3,2,2,2,2
S403,1,1,1,1,2
S404,3,2,3,1,2
S405,1,2,2,2,1
S406,2,3,2,2,2
S407,2,2,2,4,1
S408,1,2,1,3,2
S409,1,2,2,3,2
S410,1,1,1,1,3
S411,2,3,1,3,5
S412,1,1,1,1,1
S413,1,1,3,1,1
S414,1,1,1,1,1
S415,2,1,1,2,1
S416,1,1,1,1,1
S417,2,2,2,2,2
S418,1,1,2,2,1
S419,1,2,2,1,2
S420,1,1,2,1,1
S421,2,1,2,3,2
S422,2,1,2,2,1
S423,1,1,3,1,2
S424,3,2,4,2,3
S425,2,3,1,1,3
S426,2,1,2,2,2
S427,1,1,2,1,1
S428,3,1,1,2,3
S429,2,1,3,2,4
S430,1,1,4,3,1
S431,2,1,2,3,5
S432,1,1,2,1,1
S433,2,1,1,1,1
S434,2,1,1,5,3
S435,3,1,1,3,1
S436,1,1,1,2,5
S437,2,2,1,2,2
S438,4,3,2,3,2
S439,2,3,1,2,1
S440,2,5,2,1,1
S441,1,1,1,2,2
S442,1,2,3,1,3
S443,3,4,3,2,1
S444,1,1,1,2,1
S445,1,1,1,1,3
S446,2,1,4,2,2
S447,1,3,3,5,4
S448,2,1,3,4,2
S449,1,3,2,2,3
S450,1,2,1,1,1
S451,1,1,1,1,3
S452,1,2,1,2,1
S453,3,4,4,3,3
S454,2,2,1,3,3
S455,2,1,1,1,2
S456,4,3,4,2,3
S457,2,3,2,2,2
S458,1,2,3,1,4
S459,3,3,3,1,1
S460,1,1,1,1,1
S461,1,1,2,1,1
S462,2,2,1,1,1
S463,1,2,1,2,1
S464,3,2,4,3,2
S465,1,2,3,1,1
S466,3,2,4,3,2
S467,1,2,1,3,4
S468,2,1,2,3,2
S469,5,5,5,3,1
S470,1,2,1,2,2
S471,2,2,3,3,3
S472,1,2,1,2,2
S473,2,1,1,1,1
S474,3,1,2,3,1
S475,1,5,1,1,1
S476,4,5,5,3,3
S477,1,1,2,1,1
S478,2,2,1,2,1
S479,2,1,3,2,2
S480,1,1,1,1,1
S481,1,1,1,2,1
S482,1,1,1,1,1
S483,1,1,2,1,1
S484,2,2,2,2,5
S485,1,1,1,1,1
S486,3,3,3,5,2
S487,3,3,1,3,3
S488,3,2,3,3,2
S489,1,1,2,3,2
S490,3,4,2,2,2
S491,3,1,1,5,1
S492,2,3,1,1,1
S493,1,1,2,1,1
S494,2,2,2,3,1
S495,2,1,1,2,2
S496,1,1,1,1,1
S497,1,2,3,2,1
S498,1,1,1,1,1
S499,1,2,3,1,1
S500,1,1,2,1,1
S501,1,1,4,1,1
S502,2,1,2,1,1
S503,1,1,1,1,1
S504,1,1,3,1,2
S505,4,2,4,3,3
S506,1,1,2,1,2
S507,3,2,3,1,1
S508,2,1,2,2,3
S509,1,1,1,1,2
S510,2,3,2,3,2
S511,1,2,1,1,3
S512,1,2,4,1,3
S513,1,1,1,2,1
S514,2,3,2,2,1
S515,2,1,2,1,1
S516,1,2,1,3,1
S517,3,1,1,2,1
S518,1,1,4,2,2
S519,1,2,1,1,1
S520,2,1,4,2,1
S521,1,2,1,1,1
S522,1,1,2,1,1
S523,2,1,3,3,1
S524,1,1,2,1,1
S525,1,1,1,1,3
S526,1,1,1,1,1
S527,1,1,1,2,2
S528,3,1,1,2,2
S529,3,3,1,1,1
S530,1,2,2,1,3
S531,2,1,4,4,3
S532,2,1,5,3,2
S533,2,3,2,3,2
S534,1,1,3,1,1
S535,2,1,4,1,3
S536,1,1,3,2,3
S537,3,2,5,5,2
S538,1,1,1,1,1
S539,2,1,1,1,1
S540,2,2,2,2,3
S541,2,1,1,2,1
S542,3,3,2,1,4
S543,2,3,1,4,3
S544,3,2,1,3,3
S545,2,2,1,1,2
S546,1,1,1,1,1
S547,1,1,2,2,1
S548,1,1,1,1,1
S549,2,1,1,1,1
S550,1,1,1,1,1
S551,3,2,2,4,3
S552,1,1,2,2,3
S553,1,1,1,3,1
S554,1,1,2,2,1
S555,5,3,4,2,4
S556,1,2,2,2,1
S557,3,3,1,4,3
S558,1,1,1,2,2
S559,3,1,1,1,1
S560,2,1,4,1,2
S561,1,1,4,3,1
S562,1,1,2,1,2
S563,1,1,2,1,1
S564,3,2,3,2,2
S565,4,4,4,1,1
S566,2,2,2,1,1
S567,1,2,1,1,2
S568,2,2,2,1,2
S569,3,1,1,1,2
S570,1,3,1,3,2
S571,1,1,3,3,1
S572,2,3,2,4,4
S573,4,4,3,4,3
S574,1,2,3,3,2
S575,2,2,3,4,3
S576,1,2,3,2,3
S577,1,1,1,2,1
S578,4,1,3,3,5
S579,1,1,2,2,2
S580,1,2,4,3,2
S581,1,1,1,1,1
S582,1,2,1,1,1
S583,1,2,3,1,3
S584,1,1,1,1,1
S585,1,2,1,1,1
S586,3,5,4,3,3
S587,2,3,2,1,2
S588,2,2,1,3,1
S589,2,1,1,1,2
S590,3,2,3,3,1
S591,1,1,2,1,1
S592,2,2,1,1,1
S593,2,3,1,1,3
S594,1,1,2,1,1
S595,1,4,3,3,1
S596,4,1,4,3,2
S597,1,1,1,2,1
S598,1,1,1,1,1
S599,1,2,1,2,2
S600,1,3,3,1,2
S601,5,2,2,3,1
S602,1,3,1,3,3
S603,1,1,1,1,1
S604,3,1,2,2,1
S605,1,4,1,1,1
S606,1,1,1,2,2
S607,1,2,1,2,2
S608,4,3,4,5,2
S609,2,1,2,1,1
S610,1,1,1,1,3
S611,3,1,1,2,4
S612,1,2,1,2,2
S613,1,2,3,4,3
S614,2,1,1,1,1
S615,1,2,1,1,4
S616,1,1,1,1,1
S617,2,3,2,1,1
S618,1,1,2,1,1
S619,5,3,4,5,3
S620,1,1,1,3,2
S621,1,2,1,1,1
S622,1,2,2,4,1
S623,2,1,2,2,2
S624,2,4,1,2,1
S625,1,1,2,1,3
S626,2,1,1,3,3
S627,1,1,1,1,3
S628,2,1,1,2,1
S629,3,1,1,1,1
S630,1,1,1,1,1
S631,1,2,2,2,1
S632,2,2,3,1,1
S633,3,3,4,4,4
S634,1,1,1,1,2
S635,3,4,1,3,3
S636,1,2,1,3,1
S637,1,1,1,1,1
S638,3,2,2,2,2
S639,1,1,1,2,2
S640,1,2,1,1,1
S641,1,2,2,3,1
S642,3,4,3,4,5
S643,2,1,1,1,1
S644,5,4,1,1,3
S645,1,1,1,2,1
S646,1,1,1,1,1
S647,1,1,1,1,3
S648,1,2,1,1,1
S649,5,3,3,5,3
S650,4,3,3,3,4
S651,4,3,2,3,3
S652,4,2,2,1,2
S653,2,1,1,2,1
S654,1,2,1,1,1
S655,1,1,1,2,1
S656,3,4,3,3,3
S657,3,1,1,1,1
S658,1,1,2,1,2
S659,3,2,3,3,3
S660,1,1,1,1,1
S661,2,2,2,1,3
S662,1,1,2,2,2
S663,1,1,1,2,1
S664,2,2,2,2,3
S665,2,3,1,3,1
S666,1,1,2,2,1
S667,1,2,1,1,1
S668,1,1,1,2,1
S669,2,1,2,1,3
S670,2,1,3,1,1
S671,3,2,4,4,2
S672,1,1,1,1,1
S673,2,1,4,2,3
S674,3,2,1,2,4
S675,2,3,3,2,1
S676,2,3,1,3,1
S677,1,2,1,3,1
S678,1,1,1,1,2
S679,3,3,1,3,1
S680,1,2,1,1,1
S681,4,3,1,2,2
S682,1,1,1,1,2
S683,3,3,3,1,2
S684,3,2,1,3,2
S685,1,2,2,1,3
S686,2,2,3,1,2
S687,4,3,1,2,4
S688,3,5,3,4,5
S689,2,3,1,3,1
S690,2,2,1,4,1
S691,2,1,2,1,2
S692,3,1,1,3,2
S693,4,2,2,1,1
S694,1,1,1,1,1
S695,1,1,3,1,1
S696,1,3,1,1,2
S697,2,1,3,2,2
S698,3,4,1,1,1
S699,1,1,2,2,3
S700,4,3,1,3,5
S701,2,1,1,1,1
S702,2,2,1,2,1
S703,2,3,2,2,2
S704,3,2,1,1,1
S705,1,1,1,2,2
S706,2,3,1,3,2
S707,2,2,2,3,2
S708,4,3,5,3,4
S709,2,2,2,2,1
S710,1,3,3,2,1
S711,4,2,2,2,1
S712,3,3,2,2,1
S713,1,1,1,1,3
S714,2,1,3,1,1
S715,3,4,3,3,4
S716,1,4,5,3,3
S717,1,2,2,3,1
S718,3,2,1,1,2
S719,1,3,4,3,3
S720,1,3,1,1,1
S721,2,1,1,2,2
S722,4,4,3,2,2
S723,1,1,1,2,1
S724,4,1,2,4,1
S725,4,5,2,4,2
S726,1,1,1,1,1
S727,1,1,1,2,3
S728,1,1,2,3,1
S729,4,4,1,2,5
S730,1,3,2,2,1
S731,2,1,1,1,1
S732,1,4,2,1,4
S733,1,1,1,2,1
S734,4,4,3,3,1
S735,4,2,1,2,1
S736,1,3,2,3,3
S737,4,2,2,1,1
S738,1,1,1,1,1
S739,1,2,2,2,4
S740,2,1,3,2,2
S741,1,3,2,3,2
S742,2,4,1,2,3
S743,1,1,3,1,1
S744,1,2,3,2,2
S745,2,1,1,1,3
S746,1,2,2,2,2
S747,2,1,2,1,1
S748,1,3,1,2,2
S749,1,2,1,1,2
S750,1,4,3,2,3
S751,1,1,2,1,1
S752,2,2,3,2,2
S753,2,2,4,3,4
S754,4,2,2,1,3
S755,2,1,2,1,1
S756,1,1,3,1,1
S757,4,5,3,3,5
S758,3,4,3,3,2
S759,1,2,1,1,2
S760,3,2,4,2,3
S761,3,3,4,3,2
S762,2,1,1,1,1
S763,1,2,2,2,1
S764,1,3,4,1,1
S765,1,1,2,1,1
S766,2,1,1,1,3
S767,2,1,1,3,2
S768,1,2,3,1,1
S769,2,1,2,1,1
S770,2,1,1,2,3
S771,1,2,2,2,2
S772,1,2,2,1,3
S773,3,2,2,2,3
S774,1,1,2,1,2
S775,3,2,2,2,1
S776,4,4,3,2,1
S777,2,1,1,1,1
S778,1,1,1,1,2
S779,3,3,2,2,4
S780,3,1,4,2,2
S781,1,1,1,1,1
S782,1,2,2,1,1
S783,2,1,3,1,2
S784,4,3,3,3,1
S785,4,2,1,1,4
S786,2,3,4,2,2
S787,2,3,1,3,4
S788,1,1,1,1,2
S789,2,2,1,1,2
S790,2,4,2,2,3
S791,1,2,1,1,1
S792,1,1,1,1,1
S793,3,2,5,2,1
S794,1,1,1,1,1
S795,5,4,5,3,5
S796,2,3,3,1,2
S797,1,1,1,3,1
S798,4,5,3,3,3
S799,2,2,4,1,4
S800,1,2,3,1,1
S801,2,4,4,2,2
S802,4,3,1,1,1
S803,5,3,2,5,3
S804,1,2,2,2,2
S805,1,2,1,2,1
S806,4,1,1,2,1
S807,4,1,1,3,2
S808,1,2,1,3,1
S809,3,3,1,1,2
S810,3,1,1,1,2
S811,1,1,1,1,1
S812,2,2,1,1,1
S813,1,2,1,1,1
S814,5,3,4,4,4
S815,2,1,4,3,1
S816,2,3,4,3,1
S817,2,2,1,4,3
S818,3,1,2,2,3
S819,1,1,1,1,1
S820,1,2,2,3,1
S821,3,3,1,1,2
S822,1,1,2,1,1
S823,2,1,2,1,2
S824,2,1,1,2,1
S825,3,2,2,2,1
S826,3,2,2,1,1
S827,1,3,1,1,1
S828,2,1,2,2,2
S829,2,2,1,3,3
S830,2,1,3,3,2
S831,1,1,3,1,2
S832,1,2,1,2,1
S833,1,1,1,2,1
S834,3,2,2,1,2
S835,1,1,1,1,2
S836,4,3,1,3,3
S837,1,1,1,1,1
S838,3,2,1,2,1
S839,2,2,3,3,2
S840,1,2,2,2,3
S841,1,1,1,1,1
S842,2,2,1,2,2
S843,1,1,1,1,3
S844,3,1,1,1,2
S845,1,1,1,1,1
S846,1,1,3,3,1
S847,1,1,2,1,1
S848,3,2,2,2,1
S849,3,2,4,2,2
S850,2,1,1,2,3
S851,1,1,1,1,2
S852,1,1,3,3,1
S853,4,4,3,2,4
S854,2,1,1,2,2
S855,2,1,2,2,5
S856,2,1,1,1,3
S857,2,1,1,3,5
S858,3,2,2,2,2
S859,5,3,2,4,4
S860,2,1,2,1,1
S861,4,1,3,4,3
S862,1,1,3,3,2
S863,1,1,1,1,1
S864,2,1,1,1,1
S865,4,2,3,2,5
S866,1,1,1,1,1
S867,1,2,1,1,1
S868,2,1,1,2,1
S869,2,3,1,1,2
S870,3,2,1,2,1
S871,4,4,3,2,2
S872,1,1,1,3,1
S873,1,1,2,2,1
S874,2,3,2,2,4
S875,1,1,2,3,1
S876,4,3,1,3,4
S877,2,1,1,1,3
S878,2,2,1,1,1
S879,2,1,1,1,1
S880,1,2,4,2,3
S881,1,1,1,2,3
S882,4,2,5,4,4
S883,1,3,2,2,4
S884,1,1,1,1,1
S885,2,1,1,2,1
S886,1,1,1,2,2
S887,1,2,1,1,2
S888,1,1,1,1,1
S889,1,2,1,1,1
S890,1,2,1,1,1
S891,1,1,1,1,1
S892,4,1,3,4,4
S893,3,2,3,2,3
S894,3,2,2,2,1
S895,3,4,2,4,3
S896,1,1,4,1,1
S897,4,2,1,3,1
S898,2,2,1,3,4
S899,4,1,3,3,1
S900,1,2,2,1,4
S901,1,2,1,1,2
S902,2,1,1,1,2
S903,1,4,2,4,4
S904,2,2,3,2,1
S905,1,1,1,2,1
S906,1,2,2,2,4
S907,1,4,3,1,4
S908,1,2,2,1,1
S909,1,2,1,1,2
S910,1,2,1,1,1
S911,1,1,1,1,1
S912,1,2,1,1,1
S913,1,2,1,1,1
S914,2,1,2,3,4
S915,1,2,3,1,3
S916,1,1,1,1,1
S917,3,3,4,2,3
S918,2,2,1,4,3
S919,5,4,4,2,4
S920,2,1,1,1,1
S921,5,1,2,2,2
S922,3,2,2,2,1
S923,3,1,2,3,1
S924,1,1,1,1,3
S925,1,1,2,2,2
S926,2,3,3,1,3
S927,2,1,2,2,1
S928,1,1,1,2,2
S929,3,3,3,3,3
S930,1,1,1,1,1
S931,1,1,1,1,1
S932,1,1,4,1,1
S933,2,3,1,1,2
S934,4,3,1,1,1
S935,3,1,1,1,2
S936,1,1,1,1,1
S937,2,1,2,1,1
S938,4,2,4,3,4
S939,3,3,3,2,4
S940,1,1,1,1,2
S941,1,2,3,2,1
S942,1,2,1,1,2
S943,1,1,1,2,2
S944,2,1,1,1,1
S945,1,1,2,2,2
S946,1,1,1,1,1
S947,2,2,1,2,1
S948,1,2,2,2,1
S949,3,1,2,3,3
S950,2,3,1,2,5
S951,2,1,3,3,2
S952,2,1,2,1,1
S953,5,2,2,3,2
S954,3,1,4,3,3
S955,4,3,4,4,1
S956,1,1,1,2,2
S957,1,2,1,1,1
S958,1,1,1,1,1
S959,1,2,1,1,1
S960,2,2,1,3,1
S961,2,3,1,1,1
S962,1,1,2,2,3
S963,1,2,4,1,3
S964,2,1,2,1,2
S965,2,2,3,2,1
S966,1,1,2,1,3
S967,1,1,1,1,1
S968,1,1,1,1,1
S969,2,1,2,4,1
S970,3,1,1,3,4
S971,1,1,1,1,2
S972,1,2,1,1,2
S973,2,1,3,1,1
S974,1,1,1,1,2
S975,4,1,1,3,2
S976,1,2,1,1,1
S977,1,1,1,1,2
S978,3,1,3,2,2
S979,3,2,4,4,3
S980,3,1,4,4,2
S981,3,1,3,3,1
S982,1,2,1,2,1
S983,1,1,1,1,1
S984,2,3,2,1,3
S985,3,4,3,1,3
S986,1,3,2,1,2
S987,1,1,1,1,2
S988,2,1,1,1,1
S989,3,3,2,2,4
S990,2,1,1,1,2
S991,1,1,3,1,1
S992,3,2,1,3,2
S993,2,2,1,2,1
S994,2,1,3,1,1
S995,1,1,1,1,2
S996,1,2,1,1,1
S997,5,5,2,4,5
S998,1,1,1,1,1
S999,1,1,1,2,1
S1000,1,1,3,2,2
S1001,1,1,1,3,1
S1002,4,2,1,1,1
S1003,1,2,2,1,2
S1004,2,1,4,1,2
S1005,3,1,1,1,1
S1006,2,3,1,3,3
S1007,3,1,1,3,1
S1008,1,3,3,2,1
S1009,1,1,3,1,1
S1010,1,1,2,1,2
S1011,2,1,1,1,1
S1012,3,2,2,1,4
S1013,3,1,1,4,1
S1014,2,5,1,1,2
S1015,1,2,1,3,1
S1016,1,1,1,2,3
S1017,1,1,1,2,1
S1018,1,1,2,2,1
S1019,1,2,1,1,1
S1020,2,3,1,1,4
S1021,1,1,2,1,1
S1022,1,3,3,1,3
S1023,1,1,4,1,1
S1024,1,1,1,2,1
S1025,2,2,1,1,1
S1026,1,2,1,3,2
S1027,1,1,1,1,2
S1028,1,4,2,1,2
S1029,2,1,5,3,1
S1030,3,3,4,1,3
S1031,1,1,2,1,2
S1032,1,1,1,1,1
S1033,2,1,2,1,3
S1034,1,1,4,1,1
S1035,3,3,1,2,3
S1036,5,4,1,4,3
S1037,1,1,1,1,2
S1038,2,3,1,3,1
S1039,2,2,2,1,2
S1040,2,4,1,3,2
S1041,1,1,1,1,1
S1042,2,3,3,2,4
S1043,1,2,1,1,2
S1044,3,5,3,3,3
S1045,1,1,1,1,1
S1046,1,1,1,1,1
S1047,1,1,1,1,1
S1048,3,4,1,2,2
S1049,1,3,3,1,3
S1050,1,1,2,1,2
S1051,4,3,5,3,2
S1052,3,2,3,3,3
S1053,1,1,2,1,1
S1054,3,1,1,1,4
S1055,2,1,1,3,1
S1056,1,2,2,2,1
S1057,2,2,2,1,3
S1058,4,2,1,1,2
S1059,3,2,2,1,2
S1060,3,4,1,3,2
S1061,1,1,1,2,2
S1062,1,2,1,3,2
S1063,1,2,2,4,1
S1064,2,2,1,1,3
S1065,1,1,4,4,2
S1066,1,1,1,2,3
S1067,1,1,1,2,1
S1068,3,4,1,3,2
S1069,3,1,1,1,4
S1070,1,3,2,1,3
S1071,3,1,3,2,1
S1072,1,2,1,1,2
S1073,1,1,1,1,1
S1074,5,3,2,5,5
S1075,5,2,5,1,3
S1076,2,1,1,2,1
S1077,3,1,3,4,2
S1078,1,1,1,2,1
S1079,1,3,2,1,2
S1080,1,1,1,1,1
S1081,1,2,2,1,2
S1082,1,1,2,1,2
S1083,1,1,1,2,1
S1084,1,1,2,3,2
S1085,3,2,4,3,3
S1086,1,1,1,1,1
S1087,1,1,1,1,2
S1088,3,2,2,3,3
S1089,1,1,1,1,1
S1090,3,2,2,1,3
S1091,1,1,1,1,2
S1092,1,2,2,1,2
S1093,2,1,3,1,2
S1094,1,4,1,3,2
S1095,2,3,1,1,3
S1096,1,3,2,3,1
S1097,1,1,1,1,1
S1098,5,3,4,4,3
S1099,2,3,1,1,2
S1100,1,1,3,1,1
S1101,1,4,3,1,3
S1102,2,2,3,1,1
S1103,1,1,2,1,1
S1104,2,2,3,2,2
S1105,2,1,4,3,1
S1106,2,3,3,1,2
S1107,1,4,3,1,1
S1108,1,2,1,2,1
S1109,2,1,2,1,3
S1110,1,1,1,1,1
S1111,2,2,1,1,1
S1112,1,2,1,1,2
S1113,1,1,2,1,1
S1114,1,2,2,1,1
S1115,2,3,3,1,1
S1116,1,1,1,1,2
S1117,1,2,3,2,4
S1118,1,2,2,2,1
S1119,5,3,3,3,3
S1120,1,2,1,1,1
S1121,4,1,1,1,2
S1122,1,1,1,1,1
S1123,1,2,4,2,1
S1124,3,4,3,1,3
S1125,1,1,1,3,3
S1126,2,2,1,3,2
S1127,1,1,2,1,1
S1128,2,1,1,3,1
S1129,1,1,3,1,2
S1130,2,1,1,1,1
S1131,2,2,3,3,3
S1132,1,1,1,1,1
S1133,1,3,2,2,3
S1134,2,2,1,1,1
S1135,1,1,3,1,3
S1136,2,1,3,1,2
S1137,2,1,1,2,2
S1138,2,4,2,2,2
S1139,1,1,1,1,1
S1140,1,1,1,3,1
S1141,2,3,1,1,2
S1142,4,2,1,1,4
S1143,2,1,1,2,3
S1144,1,1,2,1,2
S1145,3,2,3,5,4
S1146,2,2,2,3,4
S1147,1,1,1,1,1
S1148,1,1,3,1,1
S1149,2,1,1,2,1
S1150,1,1,1,1,3
S1151,1,1,1,1,2
S1152,4,4,2,1,3
S1153,4,3,3,2,3
S1154,2,3,1,3,1
S1155,1,1,1,1,1
S1156,3,3,3,4,3
S1157,1,1,1,1,1
S1158,2,2,3,2,1
S1159,1,1,1,1,1
S1160,1,3,4,1,1
S1161,4,4,4,5,2
S1162,2,1,2,3,2
S1163,3,2,2,2,1
S1164,2,2,1,2,1
S1165,2,3,4,2,1
S1166,1,1,4,3,1
S1167,3,2,1,2,1
S1168,4,5,2,2,3
S1169,1,2,3,2,3
S1170,1,1,1,2,1
S1171,3,1,4,2,2
S1172,3,3,2,2,3
S1173,2,1,1,3,2
S1174,2,1,1,1,2
S1175,1,2,1,1,1
S1176,1,2,2,3,1
S1177,2,2,1,1,2
S1178,3,3,4,2,4
S1179,1,1,1,1,1
S1180,1,1,1,1,1
S1181,2,1,1,1,1
S1182,2,1,1,3,3
S1183,3,2,2,2,2
S1184,3,2,3,4,2
S1185,1,3,2,2,2
S1186,2,5,3,3,4
S1187,3,2,1,2,1
S1188,2,2,4,2,2
S1189,2,1,2,1,2
S1190,4,3,4,4,2
S1191,2,1,1,3,1
S1192,1,3,1,2,1
S1193,1,1,3,2,1
S1194,1,1,5,1,1
S1195,1,2,1,1,1
S1196,1,2,1,1,1
S1197,2,1,1,1,3
S1198,1,1,2,2,1
S1199,1,1,1,1,1
S1200,1,1,1,1,1
S1201,1,1,3,1,1
S1202,1,3,3,5,3
S1203,1,1,2,1,3
S1204,1,1,3,1,2
S1205,2,1,1,1,1
S1206,1,2,4,4,2
S1207,2,1,1,2,2
S1208,2,1,1,1,2
S1209,1,2,1,1,1
S1210,2,3,1,2,4
S1211,1,2,3,1,2
S1212,1,1,1,1,1
S1213,2,2,3,1,3
S1214,2,1,1,2,1
S1215,2,2,1,1,1
S1216,3,4,3,4,3
S1217,2,2,2,3,2
S1218,1,1,1,1,1
S1219,2,4,2,1,1
S1220,2,1,2,1,1
S1221,1,2,1,1,1
S1222,3,1,1,3,2
S1223,2,4,1,4,5
S1224,1,2,1,1,1
S1225,2,2,3,4,3
S1226,2,1,1,1,1
S1227,1,3,3,4,3
S1228,1,2,4,3,2
S1229,2,3,1,2,1
S1230,2,2,3,2,4
S1231,1,2,2,5,1
S1232,2,2,2,1,1
S1233,2,3,1,1,3
S1234,1,1,1,2,1
S1235,1,1,2,2,1
S1236,1,2,1,3,1
S1237,4,2,2,3,4
S1238,1,1,3,1,1
S1239,2,2,1,1,1
S1240,1,3,2,2,1
S1241,3,3,3,3,2
S1242,1,4,1,1,2
S1243,1,4,1,1,2
S1244,4,1,1,2,3
S1245,1,2,1,2,1
S1246,2,3,1,2,3
S1247,1,1,3,1,4
S1248,3,4,3,5,1
S1249,1,3,3,1,3
S1250,2,4,1,1,2
S1251,4,3,1,2,1
S1252,1,2,5,2,1
S1253,2,2,1,1,2
S1254,3,2,2,1,1
S1255,2,2,1,1,2
S1256,1,1,1,1,1
S1257,4,4,3,4,3
S1258,3,4,4,2,4
S1259,3,2,2,1,3
S1260,3,2,1,3,1
S1261,3,5,3,2,1
S1262,2,3,1,1,2
S1263,5,1,2,3,3
S1264,1,3,1,3,3
S1265,1,2,1,1,1
S1266,2,2,2,2,3
S1267,2,1,1,1,3
S1268,2,2,1,1,2
S1269,4,2,3,1,1
S1270,1,1,1,1,1
S1271,3,3,1,4,3
S1272,1,4,3,2,2
S1273,3,3,4,3,5
S1274,1,2,1,1,1
S1275,4,1,3,1,4
S1276,1,3,1,1,4
S1277,1,1,2,2,1
S1278,4,1,2,3,2
S1279,4,2,3,1,2
S1280,4,2,1,2,3
S1281,1,1,1,1,1
S1282,4,1,2,2,1
S1283,3,2,4,3,2
S1284,1,1,1,1,1
S1285,2,1,3,2,1
S1286,2,1,1,1,1
S1287,1,1,1,1,1
S1288,1,1,1,2,2
S1289,4,2,3,2,3
S1290,1,1,1,1,2
S1291,2,3,3,4,2
S1292,2,1,3,1,1
S1293,1,3,2,1,2
S1294,1,1,1,2,1
S1295,2,1,1,1,2
S1296,3,2,4,1,2
S1297,2,2,1,2,3
S1298,1,3,4,3,2
S1299,2,2,2,1,2
S1300,1,3,1,2,2
S1301,1,1,1,2,2
S1302,1,2,1,1,2
S1303,1,3,1,1,1
S1304,2,2,1,3,2
S1305,4,1,1,2,1
S1306,1,2,2,2,2
S1307,3,3,4,2,3
S1308,1,1,3,1,1
S1309,2,2,2,3,2
S1310,1,2,2,1,1
S1311,1,1,1,1,1
S1312,2,1,2,1,1
S1313,1,1,1,1,1
S1314,1,2,1,1,2
S1315,2,2,2,1,2
S1316,4,3,4,2,3
S1317,1,2,2,1,1
S1318,1,1,1,1,1
S1319,1,1,1,1,1
S1320,1,3,1,1,2
S1321,2,2,2,2,3
S1322,1,2,1,1,1
S1323,3,1,2,4,1
S1324,3,3,1,1,2
S1325,2,3,1,2,1
S1326,1,2,3,3,2
S1327,1,3,3,4,3
S1328,1,2,2,1,1
S1329,1,1,1,2,1
S1330,2,1,1,1,1
S1331,2,2,3,1,1
S1332,5,4,5,4,4
S1333,1,3,2,2,3
S1334,1,1,1,1,1
S1335,2,2,1,2,2
S1336,2,2,1,3,2
S1337,4,1,3,2,1
S1338,2,3,4,2,2
S1339,1,4,3,1,2
S1340,2,1,1,1,1
S1341,1,1,2,1,1
S1342,4,2,4,3,2
S1343,2,2,1,2,1
S1344,4,4,2,1,5
S1345,2,1,2,2,1
S1346,2,5,1,4,4
S1347,3,1,1,2,1
S1348,3,1,3,2,4
S1349,2,1,1,1,1
S1350,1,1,2,1,1
S1351,2,2,1,2,5
S1352,1,1,1,1,3
S1353,1,2,2,1,1
S1354,1,1,1,2,3
S1355,3,2,4,3,2
S1356,1,2,3,3,1
S1357,1,2,1,1,1
S1358,3,1,1,1,1
S1359,3,3,1,3,2
S1360,1,1,3,4,1
S1361,1,1,2,1,2
S1362,2,2,3,3,1
S1363,3,2,2,1,2
S1364,1,2,1,1,2
S1365,1,3,1,3,2
S1366,3,2,1,1,1
S1367,1,2,2,5,3
S1368,2,1,2,1,2
S1369,1,1,1,1,2
S1370,2,1,3,1,2
S1371,1,1,3,2,1
S1372,1,1,2,1,2
S1373,1,1,1,2,1
S1374,1,1,1,1,1
S1375,3,4,3,4,2
S1376,1,2,4,1,3
S1377,3,2,3,1,1
S1378,1,3,1,1,3
S1379,1,3,1,2,4
S1380,1,2,1,1,1
S1381,1,2,1,2,2
S1382,1,2,1,3,3
S1383,4,2,2,3,5
S1384,3,1,1,1,2
S1385,2,2,2,1,2
S1386,2,2,2,2,4
S1387,2,2,2,3,1
S1388,4,1,1,1,2
S1389,1,1,1,1,3
S1390,2,3,4,1,2
S1391,2,2,2,1,2
S1392,1,3,3,1,1
S1393,2,2,2,2,4
S1394,1,1,1,2,1
S1395,4,4,3,1,3
S1396,1,3,2,3,3
S1397,1,1,2,1,3
S1398,3,2,4,3,3
S1399,2,1,1,1,3
S1400,1,1,4,2,2
S1401,3,2,1,2,1
S1402,1,2,2,2,3
S1403,1,1,2,1,2
S1404,1,1,1,1,1
S1405,1,4,1,1,2
S1406,3,4,3,3,3
S1407,4,4,2,5,5
S1408,1,1,2,1,1
S1409,3,1,3,3,1
S1410,1,1,1,1,1
S1411,1,2,2,2,1
S1412,1,1,5,5,4
S1413,1,2,1,1,1
S1414,3,2,3,4,4
S1415,3,3,2,2,1
S1416,2,1,2,2,3
S1417,1,1,3,1,1
S1418,2,4,2,1,3
S1419,1,1,1,1,3
S1420,2,2,2,1,1
S1421,3,3,3,2,1
S1422,3,1,4,3,3
S1423,1,1,2,1,2
S1424,1,1,1,1,2
S1425,3,2,2,4,2
S1426,5,2,5,3,2
S1427,2,4,1,1,1
S1428,1,1,2,2,1
S1429,2,1,1,1,2
S1430,2,3,1,2,3
S1431,1,1,1,1,1
S1432,1,4,2,1,3
S1433,2,2,4,2,3
S1434,1,1,1,1,3
S1435,5,3,4,5,4
S1436,2,3,1,1,2
S1437,4,2,1,2,2
S1438,1,3,1,3,3
S1439,3,2,2,3,2
S1440,1,4,3,1,3
S1441,1,1,1,1,1
S1442,3,3,3,2,1
S1443,1,2,1,2,4
S1444,5,2,2,3,4
S1445,2,1,2,4,1
S1446,2,1,1,2,2
S1447,2,1,2,2,2
S1448,4,3,2,3,1
S1449,2,1,3,1,3
S1450,3,2,1,3,2
S1451,1,1,2,2,2
S1452,2,3,2,2,1
S1453,2,1,1,1,1
S1454,4,4,1,4,1
S1455,5,1,3,2,2
S1456,1,2,3,1,1
S1457,1,4,1,1,3
S1458,1,1,1,1,2
S1459,1,2,1,2,4
S1460,3,1,3,1,3
S1461,4,1,3,2,3
S1462,2,1,1,2,1
S1463,3,3,1,4,3
S1464,1,1,2,3,1
S1465,1,2,2,1,1
S1466,2,3,1,3,2
S1467,1,1,1,2,1
S1468,2,1,2,2,2
S1469,1,1,1,3,1
S1470,3,2,1,1,2
S1471,3,1,3,3,2
S1472,1,1,1,1,1
S1473,3,1,2,1,1
S1474,2,3,4,4,3
S1475,2,3,3,2,1
S1476,3,1,1,2,4
S1477,1,1,1,1,1
S1478,2,3,3,3,5
S1479,3,3,1,1,3
S1480,5,1,4,5,4
S1481,4,3,2,1,3
S1482,2,2,1,1,3
S1483,3,3,1,1,1
S1484,1,1,1,2,1
S1485,2,3,3,1,4
S1486,1,1,1,4,2
S1487,3,3,1,1,2
S1488,2,2,2,2,1
S1489,3,1,1,3,2
S1490,2,4,3,2,4
S1491,1,3,1,1,1
S1492,3,3,1,2,1
S1493,1,2,1,2,1
S1494,2,1,1,1,1
S1495,2,2,4,4,4
S1496,3,5,1,4,5
S1497,1,1,3,3,3
S1498,3,2,3,2,3
S1499,2,3,2,1,1
S1500,3,3,3,1,4
S1501,1,1,2,1,1
S1502,5,5,4,4,5
S1503,1,1,3,1,2
S1504,2,1,2,3,2
S1505,1,4,1,1,3
S1506,2,3,2,3,1
S1507,2,1,1,2,2
S1508,2,1,1,1,1
S1509,1,1,2,1,2
S1510,2,5,2,2,2
S1511,1,1,1,1,1
S1512,1,1,2,1,2
S1513,3,3,4,1,4
S1514,2,1,2,3,1
S1515,2,1,1,1,1
S1516,2,3,1,1,2
S1517,2,2,1,3,2
S1518,2,2,2,2,1
S1519,3,2,2,1,1
S1520,2,1,2,2,1
S1521,1,1,1,1,1
S1522,1,2,2,1,1
S1523,4,3,1,3,3
S1524,3,2,1,1,1
S1525,2,1,2,1,2
S1526,1,2,2,1,1
S1527,3,3,1,1,1
S1528,3,1,1,1,2
S1529,3,1,3,1,1
S1530,3,3,1,4,3
S1531,1,1,1,1,1
S1532,3,1,3,4,3
S1533,3,2,1,3,3
S1534,1,1,1,1,3
S1535,1,1,1,1,1
S1536,1,1,1,2,1
S1537,1,3,1,1,3
S1538,3,3,1,1,2
S1539,1,1,1,1,1
S1540,1,1,1,2,1
S1541,4,5,1,3,4
S1542,2,1,2,1,2
S1543,1,2,1,3,2
S1544,1,1,1,2,2
S1545,1,1,1,3,3
S1546,2,1,3,1,2
S1547,1,1,1,3,2
S1548,1,2,2,1,4
S1549,1,1,2,3,1
S1550,4,2,3,4,4
S1551,3,1,1,3,1
S1552,3,3,4,3,4
S1553,2,4,1,1,1
S1554,1,1,1,1,2
S1555,4,3,3,2,2
S1556,2,2,2,2,1
S1557,3,3,1,5,1
S1558,2,1,1,3,1
S1559,2,2,2,3,2
S1560,2,1,1,1,1
S1561,4,1,1,3,4
S1562,1,3,2,2,1
S1563,3,1,1,2,1
S1564,1,3,5,2,3
S1565,2,3,1,2,1
S1566,2,4,3,2,4
S1567,1,1,1,1,2
S1568,1,1,3,1,1
S1569,2,2,2,1,1
S1570,3,5,3,4,2
S1571,5,4,4,3,3
S1572,1,1,1,2,1
S1573,3,3,3,4,4
S1574,3,1,2,3,4
S1575,1,1,1,3,1
S1576,1,1,1,2,1
S1577,2,2,3,2,3
S1578,3,1,1,2,3
S1579,1,3,2,1,2
S1580,3,2,1,3,1
S1581,2,5,2,3,4
S1582,1,1,1,1,2
S1583,1,1,1,1,1
S1584,4,2,1,4,4
S1585,1,1,1,2,1
S1586,2,1,1,2,1
S1587,2,1,2,1,2
S1588,2,3,2,1,1
S1589,1,1,2,4,2
S1590,1,1,1,1,1
S1591,1,2,1,2,2
S1592,3,1,1,3,2
S1593,2,3,2,3,3
S1594,1,3,1,1,4
S1595,1,1,1,2,1
S1596,2,5,3,1,4
S1597,1,2,1,1,1
S1598,1,4,2,4,4
S1599,1,1,1,1,3
S1600,2,3,4,3,1
S1601,4,1,2,1,1
S1602,1,1,1,2,1
S1603,2,4,5,4,4
S1604,2,1,2,3,1
S1605,3,1,1,3,2
S1606,1,1,1,1,1
S1607,5,2,2,1,2
S1608,1,3,2,1,2
S1609,2,1,2,2,2
S1610,2,2,1,1,1
S1611,2,3,2,3,2
S1612,1,2,2,1,1
S1613,2,1,1,1,3
S1614,3,3,5,4,3
S1615,1,2,2,1,2
S1616,1,1,1,1,1
S1617,1,1,1,2,3
S1618,1,1,3,1,1
S1619,2,3,2,3,2
S1620,3,3,2,1,3
S1621,1,2,1,1,2
S1622,1,2,1,2,2
S1623,1,3,1,1,3
S1624,4,3,3,4,3
S1625,1,3,2,1,3
S1626,1,2,1,1,1
S1627,1,2,1,3,2
S1628,2,1,1,3,1
S1629,1,1,1,1,1
S1630,1,1,1,1,1
S1631,2,4,3,2,2
S1632,4,5,1,3,3
S1633,1,3,1,1,2
S1634,2,2,3,3,2
S1635,3,1,4,2,4
S1636,1,1,1,1,1
S1637,2,1,2,2,2
S1638,1,1,1,2,1
S1639,1,2,1,1,3
S1640,3,5,2,3,2
S1641,1,2,1,1,1
S1642,1,3,4,1,1
S1643,1,1,1,1,1
S1644,4,2,2,4,3
S1645,1,1,2,2,1
S1646,4,4,1,3,3
S1647,4,1,2,2,3
S1648,1,1,1,1,1
S1649,2,3,2,4,4
S1650,2,4,1,1,1
S1651,1,2,3,4,2
S1652,1,3,1,1,2
S1653,3,2,2,4,1
S1654,1,4,3,2,2
S1655,1,1,1,2,1
S1656,1,2,3,1,2
S1657,1,3,3,1,1
S1658,2,3,1,2,2
S1659,1,2,2,1,2
S1660,2,1,5,5,2
S1661,1,1,3,1,1
S1662,1,1,1,1,1
S1663,2,1,1,2,1
S1664,3,5,4,4,5
S1665,1,2,4,5,3
S1666,1,1,2,1,1
S1667,2,4,4,2,4
S1668,2,1,1,1,1
S1669,2,2,1,1,1
S1670,1,1,2,2,1
S1671,1,1,2,1,1
S1672,2,2,3,2,1
S1673,2,3,1,3,2
S1674,1,1,1,2,1
S1675,1,1,2,2,2
S1676,2,4,3,3,2
S1677,2,1,1,1,1
S1678,5,4,2,4,4
S1679,1,1,2,1,1
S1680,2,1,3,1,2
S1681,3,2,1,1,1
S1682,1,2,2,2,1
S1683,2,2,1,4,1
S1684,1,1,3,1,1
S1685,1,1,3,1,1
S1686,1,1,3,1,1
S1687,2,3,4,3,2
S1688,1,1,1,1,1
S1689,1,3,1,3,3
S1690,2,1,1,2,3
S1691,2,2,2,2,4
S1692,1,1,1,1,1
S1693,1,1,1,3,1
S1694,1,3,2,2,2
S1695,2,1,1,1,1
S1696,1,2,1,1,2
S1697,2,2,1,1,3
S1698,3,4,1,3,2
S1699,1,2,3,1,1
S1700,1,4,1,1,4
S1701,1,1,1,1,1
S1702,1,2,1,2,2
S1703,2,1,1,1,1
S1704,2,3,3,2,2
S1705,2,3,4,2,2
S1706,3,2,3,3,3
S1707,3,2,2,1,1
S1708,1,1,2,1,1
S1709,3,2,2,3,1
S1710,2,4,3,3,4
S1711,1,1,3,1,1
S1712,2,1,1,1,2
S1713,1,1,1,1,1
S1714,1,1,1,1,1
S1715,1,1,1,1,1
S1716,3,1,2,3,2
S1717,3,1,2,4,2
S1718,2,1,1,1,1
S1719,3,4,1,2,2
S1720,1,3,1,2,1
S1721,2,4,3,2,3
S1722,2,1,1,2,1
S1723,3,2,2,1,1
S1724,3,2,1,1,1
S1725,5,1,3,4,4
S1726,3,2,1,1,1
S1727,1,1,1,1,1
S1728,3,1,1,2,3
S1729,1,1,1,1,1
S1730,4,4,4,2,5
S1731,2,1,1,1,1
S1732,1,1,1,2,4
S1733,3,3,1,3,3
S1734,1,2,2,2,1
S1735,1,1,1,4,3
S1736,3,2,2,1,1
S1737,1,2,2,1,1
S1738,1,2,4,2,1
S1739,2,1,1,2,1
S1740,1,2,2,2,3
S1741,3,1,1,1,1
S1742,1,4,1,2,1
S1743,1,1,1,1,1
S1744,2,2,1,2,2
S1745,2,1,1,1,3
S1746,2,1,1,2,2
S1747,1,1,2,2,1
S1748,1,1,2,1,1
S1749,1,3,1,1,1
S1750,3,3,2,1,1
S1751,3,3,1,3,4
S1752,2,2,3,4,4
S1753,1,1,1,1,1
S1754,1,2,4,1,1
S1755,3,4,2,2,2
S1756,4,3,4,4,1
S1757,1,1,1,1,1
S1758,3,3,1,3,3
S1759,3,4,4,1,3
S1760,3,1,1,2,1
S1761,1,2,2,1,1
S1762,1,3,1,1,2
S1763,2,3,2,1,3
S1764,3,2,1,1,2
S1765,2,2,1,3,2
S1766,3,3,3,2,2
S1767,1,1,1,1,2
S1768,2,1,2,1,2
S1769,1,1,2,1,2
S1770,3,2,2,3,2
S1771,3,4,1,1,1
S1772,1,1,2,2,1
S1773,2,1,1,2,1
S1774,2,5,1,2,1
S1775,3,2,1,2,1
S1776,2,1,2,1,3
S1777,1,1,2,2,1
S1778,3,3,2,3,2
S1779,4,3,3,3,2
S1780,2,4,2,2,2
S1781,2,3,1,2,3
S1782,2,2,1,3,2
S1783,2,4,2,3,2
S1784,2,2,5,2,1
S1785,2,1,1,2,4
S1786,2,1,2,1,3
S1787,1,1,2,1,2
S1788,2,1,1,4,2
S1789,1,1,1,1,2
S1790,1,1,3,3,2
S1791,2,1,1,1,1
S1792,1,1,1,2,1
S1793,1,1,4,3,1
S1794,1,1,1,2,1
S1795,2,1,1,2,2
S1796,1,1,1,1,1
S1797,3,2,4,5,3
S1798,1,1,1,2,1
S1799,3,4,1,3,2
S1800,1,2,3,1,2
S1801,1,1,1,1,2
S1802,1,3,2,2,2
S1803,1,1,1,1,3
S1804,2,3,1,2,1
S1805,4,3,4,2,2
S1806,1,1,1,1,1
S1807,3,5,4,3,4
S1808,1,3,3,3,2
S1809,2,4,2,4,4
S1810,4,2,1,2,3
S1811,2,1,4,1,2
S1812,1,2,2,1,1
S1813,1,2,3,3,1
S1814,1,3,1,1,4
S1815,2,1,3,2,3
S1816,3,2,4,2,1
S1817,1,1,1,1,2
S1818,2,1,3,2,1
S1819,3,2,2,2,2
S1820,2,1,4,1,1
S1821,1,1,1,1,2
S1822,1,2,1,1,1
S1823,3,2,1,3,3
S1824,2,3,2,3,1
S1825,1,1,1,2,1
S1826,2,2,2,2,4
S1827,3,2,1,3,2
S1828,3,1,2,2,3
S1829,3,1,1,1,4
S1830,3,3,2,2,1
S1831,1,2,1,1,1
S1832,4,1,3,4,3
S1833,2,1,1,1,4
S1834,1,2,1,2,1
S1835,1,1,1,2,1
S1836,5,2,2,2,1
S1837,1,1,1,1,1
S1838,2,3,2,2,4
S1839,1,1,1,1,1
S1840,2,2,4,4,3
S1841,1,1,1,2,2
S1842,1,1,1,1,1
S1843,3,3,3,4,3
S1844,1,3,4,1,1
S1845,2,1,1,2,4
S1846,4,2,1,3,3
S1847,1,1,1,2,1
S1848,1,1,1,1,1
S1849,1,1,1,1,1
S1850,1,2,1,2,2
S1851,2,1,2,2,1
S1852,1,1,1,2,2
S1853,1,1,2,2,2
S1854,2,3,2,1,3
S1855,4,3,4,3,2
S1856,4,1,2,2,3
S1857,1,1,2,1,1
S1858,5,2,2,2,3
S1859,1,2,1,2,1
S1860,2,3,5,2,2
S1861,2,3,3,1,1
S1862,1,1,2,1,2
S1863,2,1,1,2,2
S1864,1,1,1,2,1
S1865,1,1,1,2,1
S1866,3,1,1,1,3
S1867,1,2,1,3,3
S1868,1,2,1,1,3
S1869,1,1,1,1,1
S1870,4,3,1,3,2
S1871,1,1,3,2,1
S1872,1,3,3,4,1
S1873,1,2,3,1,2
S1874,2,2,1,4,3
S1875,3,3,3,2,2
S1876,1,1,1,1,1
S1877,1,1,4,2,2
S1878,1,1,2,1,2
S1879,1,2,3,2,3
S1880,4,5,3,4,3
S1881,1,1,1,1,3
S1882,1,2,1,2,1
S1883,1,2,1,1,1
S1884,1,4,4,1,4
S1885,3,2,3,1,1
S1886,2,1,1,1,1
S1887,4,1,1,1,2
S1888,2,1,1,1,1
S1889,2,2,2,3,2
S1890,1,2,1,1,1
S1891,2,1,2,1,1
S1892,4,3,2,2,4
S1893,2,1,1,3,2
S1894,2,3,3,3,2
S1895,1,1,1,1,2
S1896,1,3,1,1,4
S1897,2,1,1,1,3
S1898,3,1,3,1,2
S1899,1,1,1,1,1
S1900,1,1,1,1,1
S1901,3,2,1,2,2
S1902,1,1,3,2,1
S1903,1,1,1,2,1
S1904,1,1,1,1,2
S1905,1,1,1,1,1
S1906,2,3,1,2,3
S1907,1,1,1,1,2
S1908,1,3,2,4,2
S1909,1,2,3,1,3
S1910,1,1,1,2,1
S1911,2,2,1,1,1
S1912,3,3,2,3,5
S1913,1,1,1,1,1
S1914,4,3,2,3,3
S1915,1,1,1,1,1
S1916,1,1,2,1,1
S1917,1,1,2,2,4
S1918,1,3,2,1,2
S1919,1,1,4,1,1
S1920,1,2,4,3,1
S1921,2,1,2,2,1
S1922,1,2,1,1,1
S1923,4,2,2,2,2
S1924,1,1,1,1,1
S1925,2,3,2,3,1
S1926,2,1,2,1,3
S1927,1,4,2,1,3
S1928,3,2,2,3,2
S1929,2,3,1,3,1
S1930,1,2,1,4,3
S1931,1,3,2,1,3
S1932,3,2,4,3,3
S1933,1,2,1,2,1
S1934,3,3,3,4,3
S1935,2,2,1,1,1
S1936,1,1,1,2,1
S1937,3,2,3,3,2
S1938,3,1,2,2,3
S1939,3,2,1,3,2
S1940,1,3,1,1,1
S1941,1,1,3,1,4
S1942,2,3,3,1,2
S1943,1,1,1,2,1
S1944,1,1,1,1,1
S1945,1,1,1,1,2
S1946,2,2,1,1,1
S1947,4,3,4,4,4
S1948,3,3,3,3,4
S1949,2,1,1,1,1
S1950,2,1,1,5,1
S1951,3,4,4,5,5
S1952,2,3,2,1,2
S1953,4,3,3,3,4
S1954,2,3,1,1,2
S1955,5,3,5,3,2
S1956,1,2,2,1,1
S1957,4,1,1,1,1
S1958,2,2,2,3,3
S1959,2,3,1,1,2
S1960,2,2,1,1,1
S1961,1,1,1,1,1
S1962,3,3,1,3,4
S1963,1,1,3,1,1
S1964,1,2,2,2,1
S1965,2,1,2,1,2
S1966,2,1,1,1,1
S1967,3,2,3,2,2
S1968,1,1,1,1,3
S1969,4,2,2,1,2
S1970,2,3,1,1,1
S1971,2,1,3,3,1
S1972,2,1,1,1,1
S1973,2,1,1,1,1
S1974,2,1,3,2,1
S1975,1,1,1,1,1
S1976,1,1,3,1,2
S1977,1,4,2,2,2
S1978,1,3,4,4,2
S1979,2,3,1,3,2
S1980,2,1,3,1,2
S1981,1,3,1,2,2
S1982,1,1,1,1,1
S1983,1,1,4,1,1
S1984,4,3,3,1,3
S1985,3,3,1,2,1
S1986,4,4,1,3,4
S1987,1,3,1,2,1
S1988,2,1,4,3,2
S1989,1,1,1,2,1
S1990,1,1,1,1,1
S1991,2,1,3,1,1
S1992,1,1,1,1,1
S1993,3,2,3,2,5
S1994,2,1,1,1,2
S1995,3,1,1,1,2
S1996,3,3,5,3,1
S1997,3,1,4,3,1
S1998,2,3,1,1,1
S1999,1,4,2,4,4
S2000,2,2,2,2,1
