Student,Skill1,Skill2,Skill3,Skill4
S1,4,4,3,3
S2,1,4,3,2
S3,2,2,3,2
S4,2,3,4,1
S5,4,4,4,2
S6,1,3,2,4
S7,4,3,4,3
S8,2,3,3,1
S9,2,3,1,4
S10,4,4,4,1
S11,2,1,2,2
S12,2,3,3,3
S13,2,2,3,2
S14,1,2,1,1
S15,2,2,3,1
S16,3,3,3,3
S17,3,3,2,2
S18,3,4,4,1
S19,2,2,1,1
S20,3,2,3,4
S21,3,3,1,3
S22,4,2,3,1
S23,4,2,2,2
S24,3,3,3,2
S25,1,1,2,2
S26,1,2,2,1
S27,3,4,3,1
S28,3,3,3,3
S29,4,2,3,3
S30,2,3,2,1
S31,3,2,2,3
S32,4,4,4,4
S33,1,1,2,2
S34,3,3,2,2
S35,4,4,4,4
S36,2,1,3,1
S37,1,1,3,2
S38,3,1,1,3
S39,4,3,4,3
S40,4,4,4,2
S41,3,2,4,3
S42,2,3,1,2
S43,2,1,3,2
S44,3,1,2,3
S45,1,3,1,3
S46,2,3,4,2
S47,1,1,1,3
S48,2,1,1,2
S49,2,2,3,3
S50,2,4,3,2
S51,4,4,4,4
S52,1,1,2,1
S53,3,3,3,3
S54,3,4,3,1
S55,1,2,1,2
S56,4,4,4,4
S57,2,2,2,3
S58,2,3,2,2
S59,3,4,3,4
S60,4,4,3,3
S61,2,3,3,4
S62,2,3,2,2
S63,3,3,2,2
S64,4,3,4,3
S65,2,2,2,3
S66,4,3,3,2
S67,4,4,4,3
S68,2,2,4,3
S69,2,3,3,3
S70,3,2,2,1
S71,2,1,2,3
S72,1,2,1,2
S73,3,3,4,4
S74,1,2,2,2
S75,3,2,3,3
S76,1,2,2,4
S77,2,3,4,1
S78,4,4,2,1
S79,2,3,1,2
S80,2,3,4,1
S81,3,3,2,3
S82,1,3,3,3
S83,3,3,2,4
S84,3,3,2,1
S85,3,4,2,2
S86,2,3,4,3
S87,2,2,3,2
S88,2,2,3,1
S89,4,4,3,3
S90,3,4,4,3
S91,1,2,2,2
S92,1,3,3,4
S93,2,2,3,2
S94,3,4,4,4
S95,2,3,3,3
S96,2,3,2,4
S97,2,3,2,2
S98,3,3,3,3
S99,3,3,4,4
S100,2,4,4,2
S101,3,3,3,3
S102,3,3,2,2
S103,1,2,3,1
S104,4,4,4,3
S105,2,2,4,3
S106,2,4,2,2
S107,2,3,3,3
S108,3,2,4,2
S109,2,2,3,4
S110,1,2,3,3
S111,1,2,3,2
S112,4,4,4,2
S113,2,2,3,2
S114,4,4,4,3
S115,3,2,2,4
S116,3,3,3,1
S117,2,3,4,3
S118,3,4,3,3
S119,1,2,3,3
S120,3,3,4,4
S121,3,3,2,2
S122,3,4,3,2
S123,1,2,1,2
S124,3,2,2,3
S125,2,1,4,2
S126,3,3,4,4
S127,2,4,4,1
S128,3,2,3,3
S129,2,2,1,2
S130,1,2,1,2
S131,3,3,4,2
S132,2,2,3,2
S133,2,3,3,4
S134,2,2,3,1
S135,3,2,2,1
S136,1,2,3,1
S137,4,4,4,4
S138,3,2,1,4
S139,4,4,4,3
S140,3,3,1,3
S141,4,4,4,4
S142,3,2,1,2
S143,2,3,3,2
S144,4,4,4,4
S145,3,3,2,3
S146,1,2,1,2
S147,4,4,3,1
S148,2,2,3,1
S149,4,3,4,3
S150,1,3,4,4
S151,1,1,2,2
S152,3,3,3,4
S153,4,3,4,1
S154,2,2,4,2
S155,1,1,3,3
S156,3,3,3,3
S157,2,1,1,1
S158,1,2,2,4
S159,2,2,2,1
S160,1,1,1,3
S161,3,1,2,3
S162,2,2,2,1
S163,1,2,1,3
S164,4,4,3,4
S165,2,3,3,3
S166,3,2,4,2
S167,3,3,2,4
S168,1,2,2,4
S169,2,2,4,1
S170,3,4,4,2
S171,2,2,2,1
S172,3,2,4,4
S173,3,3,3,2
S174,3,2,4,2
S175,2,3,3,3
S176,1,3,3,4
S177,3,3,3,2
S178,2,3,2,1
S179,4,4,4,4
S180,2,2,3,2
S181,3,3,3,2
S182,1,2,3,2
S183,2,3,2,3
S184,3,3,3,3
S185,2,3,3,3
S186,2,1,1,1
S187,2,2,2,1
S188,2,3,3,2
S189,3,3,3,3
S190,1,1,1,1
S191,4,4,4,2
S192,2,3,3,2
S193,1,2,3,3
S194,4,4,3,4
S195,3,3,4,3
S196,3,2,3,2
S197,3,2,3,3
S198,4,4,2,2
S199,3,3,3,3
S200,1,1,1,2
S201,2,2,2,4
S202,3,3,3,2
S203,4,4,4,3
S204,2,2,2,4
S205,4,2,2,2
S206,3,3,3,2
S207,1,2,2,2
S208,2,2,3,3
S209,4,4,4,4
S210,3,2,1,2
S211,4,4,3,4
S212,2,3,2,2
S213,3,3,3,1
S214,2,1,3,1
S215,1,4,1,3
S216,1,1,2,2
S217,2,3,3,2
S218,3,3,4,2
S219,1,2,3,2
S220,4,4,4,2
S221,2,3,3,2
S222,2,3,3,4
S223,2,3,1,4
S224,4,4,2,4
S225,2,2,4,1
S226,1,1,1,2
S227,1,2,1,2
S228,3,2,2,2
S229,1,4,3,2
S230,3,3,2,2
S231,2,3,4,2
S232,2,3,3,3
S233,3,3,3,3
S234,4,4,4,4
S235,3,3,4,2
S236,4,4,3,3
S237,2,3,4,3
S238,2,3,3,1
S239,4,2,2,2
S240,4,4,4,4
S241,2,1,2,1
S242,2,2,2,2
S243,2,1,1,2
S244,2,2,2,2
S245,4,4,3,2
S246,4,3,3,2
S247,1,2,1,2
S248,3,3,2,3
S249,1,1,2,3
S250,2,2,3,1
S251,4,2,2,3
S252,2,2,4,1
S253,2,4,4,4
S254,3,4,2,3
S255,4,4,4,2
S256,3,2,3,3
S257,1,1,1,3
S258,3,3,3,2
S259,3,3,2,2
S260,4,4,3,4
S261,2,3,2,1
S262,3,4,2,3
S263,3,2,4,3
S264,3,4,2,4
S265,3,3,4,4
S266,4,2,4,3
S267,2,1,3,3
S268,2,4,4,2
S269,3,3,3,3
S270,2,2,2,2
S271,2,3,3,4
S272,3,1,2,3
S273,3,3,2,2
S274,4,4,4,4
S275,2,2,3,3
S276,3,2,3,3
S277,4,4,2,4
S278,3,2,3,3
S279,3,4,2,1
S280,3,3,4,2
S281,2,3,2,2
S282,1,3,2,2
S283,3,3,4,2
S284,3,3,2,3
S285,4,3,4,2
S286,2,1,2,2
S287,3,2,3,2
S288,1,1,3,3
S289,1,2,1,1
S290,4,2,3,2
S291,2,1,3,2
S292,1,1,2,2
S293,2,3,4,1
S294,2,1,2,1
S295,4,3,4,2
S296,3,3,3,1
S297,3,3,3,2
S298,2,3,3,3
S299,2,3,3,3
S300,3,2,2,1
S301,1,1,2,2
S302,4,3,4,3
S303,1,1,1,1
S304,3,4,3,4
S305,4,4,3,3
S306,3,3,3,2
S307,3,4,3,2
S308,3,3,4,3
S309,2,1,3,3
S310,1,2,1,2
S311,4,3,4,4
S312,2,2,3,2
S313,4,3,4,4
S314,2,1,3,3
S315,3,4,3,2
S316,1,1,2,1
S317,4,4,3,2
S318,2,2,2,2
S319,2,3,3,1
S320,2,4,4,3
S321,1,1,3,2
S322,3,4,3,3
S323,4,4,3,4
S324,1,3,2,3
S325,2,3,2,2
S326,2,1,1,2
S327,2,1,1,2
S328,3,2,3,3
S329,2,4,4,3
S330,4,4,4,2
S331,2,2,1,1
S332,2,3,3,1
S333,3,4,4,4
S334,2,3,3,2
S335,3,2,2,1
S336,1,2,2,1
S337,3,3,3,2
S338,3,3,3,4
S339,2,2,1,2
S340,1,2,3,4
S341,3,2,2,2
S342,3,2,1,4
S343,4,3,3,3
S344,3,2,3,3
S345,4,2,3,3
S346,1,1,1,3
S347,2,2,4,2
S348,3,3,2,3
S349,4,2,4,4
S350,2,3,1,3
S351,4,4,4,4
S352,2,3,4,1
S353,1,2,3,1
S354,3,1,3,1
S355,3,4,4,1
S356,4,4,3,2
S357,3,2,2,4
S358,1,1,2,1
S359,3,3,3,2
S360,3,2,3,2
S361,3,2,2,4
S362,2,3,3,3
S363,3,2,3,2
S364,3,1,2,1
S365,3,4,4,4
S366,3,2,2,4
S367,3,3,1,3
S368,4,1,2,3
S369,2,2,1,3
S370,4,3,3,3
S371,2,3,4,4
S372,1,1,2,2
S373,2,3,2,1
S374,2,4,4,4
S375,2,3,2,2
S376,2,3,3,3
S377,2,1,1,1
S378,1,3,2,2
S379,4,4,3,2
S380,1,1,2,3
S381,2,3,4,4
S382,2,2,2,2
S383,1,3,1,1
S384,1,4,2,3
S385,3,3,4,2
S386,3,4,4,4
S387,2,4,2,3
S388,2,3,2,3
S389,3,1,3,3
S390,1,2,2,1
S391,1,2,3,3
S392,2,2,3,2
S393,3,1,2,4
S394,3,3,3,2
S395,2,3,4,1
S396,2,2,2,1
S397,3,2,2,2
S398,4,4,3,3
S399,3,3,4,2
S400,1,2,3,2
S401,2,3,3,3
S402,2,3,3,2
S403,1,2,2,2
S404,3,3,3,4
S405,1,1,1,3
S406,3,3,3,2
S407,3,2,3,2
S408,2,3,2,3
S409,1,2,2,2
S410,3,3,3,2
S411,4,4,3,1
S412,1,2,1,2
S413,1,2,2,3
S414,2,1,2,2
S415,1,2,2,1
S416,2,2,2,2
S417,2,3,2,3
S418,1,2,3,2
S419,2,2,3,1
S420,1,1,2,1
S421,3,2,4,3
S422,2,2,2,4
S423,1,3,2,2
S424,4,4,3,3
S425,4,4,3,3
S426,3,2,3,2
S427,1,1,1,1
S428,2,1,3,3
S429,3,3,3,3
S430,3,2,2,3
S431,2,4,4,3
S432,1,2,2,1
S433,3,3,3,1
S434,2,3,4,3
S435,3,3,4,3
S436,2,3,3,4
S437,2,4,4,3
S438,3,4,3,4
S439,4,2,3,1
S440,4,4,3,3
S441,2,2,2,2
S442,3,4,3,3
S443,3,1,2,3
S444,1,2,2,3
S445,2,3,2,2
S446,1,2,3,3
S447,3,4,4,4
S448,2,2,3,4
S449,2,3,2,2
S450,2,3,2,3
S451,1,2,2,3
S452,2,2,2,3
S453,3,2,3,2
S454,1,3,3,3
S455,2,3,4,1
S456,3,3,4,3
S457,4,3,4,3
S458,3,4,3,3
S459,3,2,1,2
S460,2,1,1,1
S461,2,1,2,2
S462,3,3,3,1
S463,4,3,4,4
S464,3,2,2,3
S465,4,2,2,1
S466,4,2,2,4
S467,1,3,3,4
S468,3,3,4,3
S469,4,3,3,3
S470,2,2,2,2
S471,3,3,3,1
S472,1,2,2,3
S473,3,3,2,2
S474,2,1,1,3
S475,1,3,3,2
S476,4,4,3,4
S477,3,2,1,1
S478,3,2,2,2
S479,1,1,3,2
S480,2,2,4,2
S481,2,2,2,1
S482,1,1,2,3
S483,2,3,3,3
S484,3,4,3,1
S485,1,2,2,4
S486,4,2,4,3
S487,3,3,3,2
S488,2,3,3,3
S489,3,2,3,2
S490,4,4,4,3
S491,2,1,3,1
S492,3,1,2,1
S493,2,2,3,3
S494,3,3,1,1
S495,2,3,3,2
S496,1,3,1,3
S497,4,3,2,3
S498,1,2,3,3
S499,2,3,3,4
S500,1,1,1,1
S501,3,2,2,2
S502,1,1,2,1
S503,3,3,4,3
S504,2,2,3,2
S505,3,4,4,3
S506,2,3,3,2
S507,4,3,3,3
S508,2,3,1,1
S509,1,3,2,2
S510,3,3,3,2
S511,3,3,2,1
S512,2,1,2,3
S513,2,1,2,1
S514,4,1,3,3
S515,3,2,3,1
S516,3,4,3,3
S517,1,1,2,2
S518,3,3,2,2
S519,1,1,2,2
S520,2,1,3,3
S521,2,2,3,1
S522,1,3,2,2
S523,2,2,3,3
S524,1,2,3,4
S525,3,2,3,1
S526,2,4,2,2
S527,1,3,2,1
S528,4,3,3,2
S529,2,3,3,2
S530,2,3,2,4
S531,3,2,3,4
S532,3,2,3,4
S533,4,4,3,4
S534,3,1,3,4
S535,2,2,3,3
S536,2,2,3,4
S537,3,1,3,4
S538,2,2,2,4
S539,1,2,2,2
S540,4,3,4,4
S541,4,3,4,4
S542,3,3,3,2
S543,3,3,4,2
S544,3,3,3,3
S545,4,4,3,4
S546,4,4,2,2
S547,2,2,2,3
S548,2,3,1,1
S549,4,1,1,1
S550,3,2,1,1
S551,2,2,4,4
S552,1,1,3,3
S553,1,1,1,3
S554,2,1,2,3
S555,3,3,4,3
S556,2,2,3,4
S557,2,3,3,3
S558,1,2,2,2
S559,2,2,4,3
S560,2,2,3,3
S561,2,2,2,4
S562,2,3,3,3
S563,1,2,3,1
S564,3,2,4,3
S565,3,3,3,3
S566,3,3,3,2
S567,2,2,2,2
S568,2,2,3,2
S569,1,3,3,3
S570,3,3,4,4
S571,3,1,2,3
S572,3,4,3,4
S573,4,3,4,2
S574,3,3,4,4
S575,3,3,4,1
S576,3,2,3,4
S577,1,1,2,1
S578,3,4,4,4
S579,1,2,2,2
S580,3,4,3,4
S581,2,1,2,2
S582,1,3,3,3
S583,2,3,3,3
S584,2,3,3,3
S585,1,2,1,3
S586,4,2,3,2
S587,3,3,3,4
S588,2,4,3,1
S589,3,2,3,3
S590,3,2,3,4
S591,1,1,1,1
S592,2,1,3,4
S593,3,3,4,1
S594,1,1,1,2
S595,3,3,1,3
S596,4,3,4,4
S597,1,2,2,3
S598,3,3,2,1
S599,3,4,3,2
S600,3,3,2,2
S601,2,1,3,3
S602,3,4,2,4
S603,2,1,1,1
S604,3,2,2,3
S605,3,1,2,2
S606,2,2,2,2
S607,3,1,2,1
S608,4,4,4,4
S609,2,2,3,3
S610,2,3,3,4
S611,3,2,2,4
S612,3,2,3,1
S613,1,3,2,4
S614,2,1,2,2
S615,2,4,3,2
S616,1,2,1,1
S617,3,3,4,3
S618,2,2,1,1
S619,4,4,4,4
S620,2,3,2,3
S621,2,3,3,2
S622,1,2,2,2
S623,1,2,4,3
S624,3,3,3,3
S625,1,3,2,2
S626,3,2,3,1
S627,1,3,3,4
S628,3,4,3,2
S629,1,1,2,1
S630,2,2,3,4
S631,2,3,3,3
S632,2,3,2,1
S633,3,3,4,3
S634,1,1,3,1
S635,3,2,3,1
S636,3,2,1,1
S637,1,1,2,1
S638,2,1,3,3
S639,1,1,2,3
S640,2,3,3,2
S641,2,3,4,4
S642,4,4,2,2
S643,2,3,2,1
S644,4,4,4,3
S645,2,1,1,2
S646,1,1,1,3
S647,2,2,2,3
S648,2,3,1,2
S649,4,3,4,3
S650,3,4,4,2
S651,4,4,4,3
S652,4,2,2,3
S653,2,2,3,2
S654,2,2,1,2
S655,3,1,3,3
S656,4,4,4,4
S657,3,4,4,1
S658,3,4,2,3
S659,3,4,4,3
S660,2,2,2,2
S661,3,4,4,4
S662,3,3,2,1
S663,3,2,4,1
S664,3,3,4,3
S665,2,2,2,3
S666,2,4,1,3
S667,2,3,3,2
S668,4,1,3,4
S669,3,3,4,4
S670,3,2,2,4
S671,3,3,3,4
S672,2,2,3,3
S673,3,2,2,3
S674,2,4,3,3
S675,3,2,1,2
S676,4,3,3,4
S677,3,2,3,1
S678,2,2,2,2
S679,4,2,4,2
S680,2,2,1,2
S681,2,4,3,1
S682,1,1,1,1
S683,4,4,3,2
S684,3,3,3,2
S685,2,3,3,2
S686,2,3,3,4
S687,3,4,4,3
S688,4,4,4,2
S689,3,2,2,2
S690,2,3,3,3
S691,3,2,3,1
S692,3,2,4,2
S693,3,3,3,4
S694,1,1,1,1
S695,2,2,1,2
S696,3,3,4,2
S697,4,2,4,4
S698,4,3,2,3
S699,2,2,3,1
S700,4,4,4,3
S701,2,3,1,3
S702,2,3,4,1
S703,3,2,2,4
S704,3,3,3,1
S705,1,2,3,4
S706,2,2,3,2
S707,3,3,2,2
S708,4,4,3,3
S709,3,3,1,3
S710,4,1,3,2
S711,4,2,2,3
S712,2,2,3,4
S713,4,2,3,2
S714,2,1,2,2
S715,4,4,4,3
S716,4,3,2,2
S717,4,3,4,4
S718,1,2,3,3
S719,2,3,4,4
S720,4,3,3,2
S721,4,3,4,4
S722,4,4,3,4
S723,2,1,2,1
S724,4,4,4,2
S725,4,4,4,4
S726,1,2,1,1
S727,2,4,3,2
S728,3,2,4,4
S729,2,2,3,4
S730,3,3,3,2
S731,1,1,2,1
S732,2,4,3,3
S733,1,1,2,3
S734,3,2,3,3
S735,2,2,3,3
S736,2,3,3,4
S737,3,3,3,2
S738,2,2,2,2
S739,3,4,2,1
S740,3,1,4,3
S741,3,4,3,3
S742,2,3,3,4
S743,2,2,3,2
S744,4,3,4,4
S745,1,3,2,2
S746,3,4,4,4
S747,2,1,3,2
S748,2,3,2,1
S749,1,2,2,3
S750,2,3,4,2
S751,3,3,2,4
S752,3,3,4,3
S753,2,2,3,4
S754,4,3,4,1
S755,3,2,3,3
S756,1,1,2,2
S757,4,4,4,3
S758,4,4,3,2
S759,2,2,2,2
S760,2,2,3,4
S761,4,3,4,3
S762,1,2,1,2
S763,3,4,4,3
S764,2,2,2,4
S765,1,2,2,2
S766,1,3,3,1
S767,2,3,3,3
S768,4,4,4,3
S769,3,2,3,4
S770,1,1,3,1
S771,2,2,2,4
S772,1,3,1,2
S773,2,2,3,2
S774,4,3,2,1
S775,4,3,3,4
S776,4,3,1,4
S777,1,1,2,1
S778,2,2,3,4
S779,2,4,4,2
S780,2,3,3,3
S781,1,1,1,1
S782,1,1,1,1
S783,3,2,2,3
S784,4,1,2,3
S785,3,4,2,2
S786,3,3,2,3
S787,3,4,4,3
S788,2,1,2,1
S789,2,2,3,3
S790,2,4,3,3
S791,3,2,1,2
S792,1,2,3,1
S793,2,2,2,4
S794,1,3,2,2
S795,4,4,3,2
S796,3,3,3,2
S797,3,3,4,3
S798,4,3,3,3
S799,3,3,3,2
S800,4,2,3,2
S801,3,4,2,4
S802,3,4,4,3
S803,4,4,4,3
S804,4,3,3,2
S805,3,3,3,2
S806,2,1,2,2
S807,4,4,3,2
S808,1,2,2,3
S809,2,1,3,2
S810,4,4,4,3
S811,3,1,2,2
S812,3,2,3,1
S813,1,2,1,1
S814,4,4,4,2
S815,3,2,3,3
S816,3,2,1,4
S817,3,4,4,1
S818,3,4,3,4
S819,2,2,2,1
S820,2,2,1,1
S821,2,3,2,2
S822,3,1,1,3
S823,1,2,3,2
S824,2,1,2,3
S825,4,3,3,3
S826,3,4,4,1
S827,2,2,1,1
S828,2,3,2,4
S829,3,3,3,3
S830,3,2,4,3
S831,2,3,2,2
S832,2,4,3,3
S833,2,2,3,2
S834,2,3,2,2
S835,1,2,2,1
S836,3,2,3,1
S837,2,1,2,2
S838,3,2,3,3
S839,4,3,4,3
S840,3,2,1,2
S841,2,1,2,1
S842,4,3,4,3
S843,1,1,1,1
S844,4,3,4,3
S845,1,1,2,2
S846,2,2,3,4
S847,2,3,3,2
S848,4,1,2,2
S849,4,4,4,4
S850,2,2,4,2
S851,2,2,2,1
S852,3,1,1,3
S853,4,4,4,4
S854,1,2,3,4
S855,4,3,4,3
S856,1,1,3,1
S857,1,3,3,2
S858,4,3,1,4
S859,3,2,4,3
S860,3,2,2,2
S861,2,2,4,4
S862,2,3,4,3
S863,1,1,1,1
S864,1,2,2,1
S865,2,2,3,4
S866,1,1,1,1
S867,2,1,3,2
S868,2,2,3,3
S869,2,2,3,1
S870,3,2,3,1
S871,4,3,3,1
S872,2,3,1,2
S873,3,1,2,3
S874,2,2,2,1
S875,3,2,2,3
S876,4,4,3,2
S877,2,3,2,2
S878,1,2,2,2
S879,1,4,2,2
S880,2,3,2,2
S881,3,2,4,2
S882,3,2,4,4
S883,3,4,4,3
S884,1,2,2,3
S885,2,1,2,2
S886,2,2,3,1
S887,1,3,2,1
S888,1,2,1,1
S889,1,1,2,1
S890,3,4,3,1
S891,1,1,1,1
S892,3,3,4,3
S893,3,2,4,2
S894,2,1,2,2
S895,4,4,4,4
S896,3,3,3,1
S897,2,3,2,3
S898,3,4,3,3
S899,4,3,4,4
S900,4,3,3,2
S901,2,1,3,1
S902,2,2,2,3
S903,4,4,4,2
S904,4,3,4,3
S905,3,3,3,3
S906,3,4,3,2
S907,3,3,2,4
S908,3,2,1,1
S909,1,1,2,1
S910,1,2,1,1
S911,1,2,1,2
S912,2,1,1,1
S913,2,3,2,4
S914,4,4,4,2
S915,1,4,1,3
S916,2,3,1,2
S917,2,3,4,4
S918,4,4,4,2
S919,3,3,4,3
S920,2,3,4,3
S921,3,3,3,2
S922,3,4,3,4
S923,3,2,3,1
S924,1,4,2,2
S925,2,1,2,3
S926,3,3,3,1
S927,2,2,2,4
S928,1,3,2,3
S929,2,3,4,2
S930,1,3,2,3
S931,1,2,1,2
S932,2,1,1,2
S933,2,2,3,2
S934,3,3,3,2
S935,2,2,3,1
S936,1,1,2,2
S937,2,2,2,3
S938,4,4,4,4
S939,3,3,4,4
S940,3,3,1,1
S941,3,3,2,3
S942,1,2,2,3
S943,2,2,2,1
S944,1,1,3,3
S945,3,2,2,3
S946,2,3,3,3
S947,1,2,1,2
S948,4,3,3,2
S949,3,3,4,1
S950,3,4,3,2
S951,3,4,2,3
S952,2,2,4,2
S953,4,2,3,3
S954,4,3,4,2
S955,4,2,3,4
S956,3,2,3,2
S957,1,2,1,3
S958,2,3,1,3
S959,3,3,3,2
S960,3,3,3,4
S961,2,1,1,2
S962,1,3,2,3
S963,2,2,4,3
S964,2,3,2,2
S965,1,4,2,4
S966,2,4,4,3
S967,1,1,1,2
S968,2,1,2,1
S969,2,3,3,2
S970,2,3,2,4
S971,1,2,2,2
S972,3,4,2,2
S973,3,3,3,1
S974,1,2,1,2
S975,3,2,4,1
S976,3,2,1,1
S977,1,1,1,1
S978,4,4,3,3
S979,4,4,4,2
S980,2,3,4,4
S981,1,2,3,3
S982,2,3,3,1
S983,2,2,1,2
S984,3,3,3,2
S985,2,3,3,2
S986,3,4,2,3
S987,2,3,3,2
S988,2,3,3,2
S989,3,4,4,3
S990,1,1,3,1
S991,2,1,4,2
S992,3,3,3,2
S993,3,3,3,2
S994,2,2,3,1
S995,2,2,2,2
S996,2,2,3,1
S997,4,4,4,4
S998,2,2,1,1
S999,3,3,4,3
S1000,2,2,2,2
S1001,1,4,3,2
S1002,2,1,2,1
S1003,3,4,3,3
S1004,3,2,3,3
S1005,2,1,1,2
S1006,3,4,4,3
S1007,1,1,3,2
S1008,2,3,3,2
S1009,3,3,3,3
S1010,3,2,3,3
S1011,1,1,2,2
S1012,4,4,4,4
S1013,3,4,4,3
S1014,2,2,3,3
S1015,4,3,4,3
S1016,2,3,2,1
S1017,3,3,4,2
S1018,4,3,3,4
S1019,1,1,1,1
S1020,4,4,4,3
S1021,3,3,2,2
S1022,4,4,3,1
S1023,1,1,1,2
S1024,1,3,2,1
S1025,2,2,3,2
S1026,3,2,3,3
S1027,2,3,1,3
S1028,2,3,3,2
S1029,2,2,3,3
S1030,1,3,3,3
S1031,1,2,2,3
S1032,2,2,1,2
S1033,4,4,2,3
S1034,2,1,2,2
S1035,3,4,3,2
S1036,4,3,4,4
S1037,4,4,2,1
S1038,1,3,3,2
S1039,2,3,3,2
S1040,3,3,4,2
S1041,2,2,2,4
S1042,3,3,3,2
S1043,1,2,3,2
S1044,4,3,4,4
S1045,2,2,2,3
S1046,1,1,2,2
S1047,1,1,1,2
S1048,2,2,3,3
S1049,4,2,3,1
S1050,2,2,2,1
S1051,4,4,4,2
S1052,3,4,3,2
S1053,3,2,3,2
S1054,1,3,3,3
S1055,4,4,4,2
S1056,3,2,2,3
S1057,4,3,3,2
S1058,4,2,4,4
S1059,4,4,3,3
S1060,4,3,3,2
S1061,4,4,4,2
S1062,3,2,3,4
S1063,3,4,4,3
S1064,1,2,4,3
S1065,2,2,4,4
S1066,2,3,4,1
S1067,4,1,3,3
S1068,3,4,4,4
S1069,3,2,2,1
S1070,2,3,1,3
S1071,3,4,4,4
S1072,3,3,3,1
S1073,2,1,2,3
S1074,4,3,4,2
S1075,4,4,4,3
S1076,3,2,3,2
S1077,3,4,4,3
S1078,1,1,2,1
S1079,3,4,2,2
S1080,3,4,4,2
S1081,2,2,3,2
S1082,2,2,2,3
S1083,2,4,3,2
S1084,3,2,2,3
S1085,2,3,3,2
S1086,2,4,3,2
S1087,2,3,2,1
S1088,4,4,4,4
S1089,3,3,1,3
S1090,3,3,3,3
S1091,2,2,3,3
S1092,2,3,2,2
S1093,1,2,2,1
S1094,2,2,3,1
S1095,4,3,2,2
S1096,3,4,2,3
S1097,2,2,3,2
S1098,4,4,3,4
S1099,2,3,1,3
S1100,2,2,2,4
S1101,2,4,3,3
S1102,2,2,3,1
S1103,3,2,1,4
S1104,3,2,2,2
S1105,4,1,3,3
S1106,3,4,2,4
S1107,3,2,2,1
S1108,1,2,2,3
S1109,3,4,3,2
S1110,3,1,1,1
S1111,1,2,3,3
S1112,1,2,3,1
S1113,1,4,2,4
S1114,3,3,3,4
S1115,1,2,3,3
S1116,2,3,2,1
S1117,3,3,3,4
S1118,4,4,4,3
S1119,4,4,3,4
S1120,3,3,3,3
S1121,2,1,3,3
S1122,1,2,1,1
S1123,3,2,3,3
S1124,3,4,4,2
S1125,2,3,2,4
S1126,2,1,2,1
S1127,2,3,3,1
S1128,2,4,2,3
S1129,3,2,4,2
S1130,2,3,2,3
S1131,3,2,3,3
S1132,2,2,1,1
S1133,2,2,4,3
S1134,2,3,3,1
S1135,3,3,4,2
S1136,2,3,2,2
S1137,2,1,3,3
S1138,3,1,2,2
S1139,1,3,2,4
S1140,2,2,3,4
S1141,3,3,2,4
S1142,3,4,4,3
S1143,2,3,3,2
S1144,2,2,3,3
S1145,1,2,4,4
S1146,2,1,3,2
S1147,2,3,1,1
S1148,3,1,3,2
S1149,3,1,4,3
S1150,2,1,2,2
S1151,1,1,3,1
S1152,4,4,1,2
S1153,4,3,4,3
S1154,3,4,3,4
S1155,2,1,1,1
S1156,3,3,3,4
S1157,1,3,2,3
S1158,3,2,3,3
S1159,1,1,1,1
S1160,3,2,2,3
S1161,4,2,4,4
S1162,3,3,3,3
S1163,4,1,2,2
S1164,1,2,1,1
S1165,3,1,3,2
S1166,3,3,3,4
S1167,3,3,3,3
S1168,3,3,4,4
S1169,4,4,4,4
S1170,1,3,3,2
S1171,3,2,3,2
S1172,3,2,1,3
S1173,3,2,1,2
S1174,4,3,4,3
S1175,2,1,1,2
S1176,3,2,2,2
S1177,1,3,3,3
S1178,3,3,4,3
S1179,1,2,2,2
S1180,2,2,3,2
S1181,1,1,2,2
S1182,2,3,2,2
S1183,4,3,4,2
S1184,4,4,4,3
S1185,4,3,4,3
S1186,4,4,4,2
S1187,3,2,3,1
S1188,4,2,4,2
S1189,1,3,2,2
S1190,4,3,3,2
S1191,4,3,1,2
S1192,4,4,4,4
S1193,1,3,2,2
S1194,1,1,2,3
S1195,3,3,2,3
S1196,2,2,1,1
S1197,3,2,3,1
S1198,1,2,2,3
S1199,1,1,1,2
S1200,2,2,3,2
S1201,2,2,3,2
S1202,2,2,4,3
S1203,4,3,4,2
S1204,3,3,1,2
S1205,3,3,4,1
S1206,3,2,3,2
S1207,2,2,2,2
S1208,2,2,2,1
S1209,1,2,3,3
S1210,2,3,4,1
S1211,2,3,3,1
S1212,4,2,2,3
S1213,3,3,3,2
S1214,1,2,2,3
S1215,2,2,2,2
S1216,3,3,2,4
S1217,1,2,2,3
S1218,1,2,1,1
S1219,3,2,1,4
S1220,2,2,3,3
S1221,1,1,2,1
S1222,4,4,3,3
S1223,4,4,4,3
S1224,1,2,3,1
S1225,3,4,4,2
S1226,2,3,3,3
S1227,3,4,3,4
S1228,2,2,3,3
S1229,3,3,4,2
S1230,2,3,4,4
S1231,3,4,3,3
S1232,3,4,1,3
S1233,3,3,4,2
S1234,1,1,3,1
S1235,3,1,1,2
S1236,3,4,3,2
S1237,2,2,4,4
S1238,3,1,1,2
S1239,2,1,1,1
S1240,3,4,2,1
S1241,4,4,4,2
S1242,4,3,3,2
S1243,4,3,4,1
S1244,2,2,3,2
S1245,2,2,3,3
S1246,2,3,3,3
S1247,1,3,3,1
S1248,4,3,3,2
S1249,2,2,1,3
S1250,2,4,4,3
S1251,2,3,3,3
S1252,3,3,4,2
S1253,2,3,2,1
S1254,4,3,3,3
S1255,4,3,4,3
S1256,1,1,1,1
S1257,4,3,4,3
S1258,3,3,3,1
S1259,2,3,3,4
S1260,4,2,2,2
S1261,3,2,1,3
S1262,2,2,2,3
S1263,2,2,4,3
S1264,2,3,2,2
S1265,1,2,2,3
S1266,4,4,2,3
S1267,4,2,3,2
S1268,3,4,2,2
S1269,3,3,3,2
S1270,2,1,1,1
S1271,2,2,4,2
S1272,3,2,4,1
S1273,3,3,3,2
S1274,3,3,2,2
S1275,4,4,4,3
S1276,3,3,3,1
S1277,4,3,2,2
S1278,3,1,3,3
S1279,4,4,2,1
S1280,3,3,3,2
S1281,2,2,2,4
S1282,3,2,2,2
S1283,3,1,3,3
S1284,1,1,1,1
S1285,3,3,3,3
S1286,4,3,2,2
S1287,2,1,1,2
S1288,1,3,4,3
S1289,4,2,4,2
S1290,1,1,1,1
S1291,4,1,2,2
S1292,4,4,4,3
S1293,2,3,2,3
S1294,1,2,2,1
S1295,3,2,4,2
S1296,4,4,2,3
S1297,2,4,3,2
S1298,3,3,3,4
S1299,2,4,3,3
S1300,1,3,3,3
S1301,1,2,4,3
S1302,3,3,2,2
S1303,1,2,1,1
S1304,2,3,2,3
S1305,4,2,2,3
S1306,3,4,2,3
S1307,4,4,4,4
S1308,1,3,3,3
S1309,2,2,3,4
S1310,2,1,1,1
S1311,3,2,1,3
S1312,2,1,2,2
S1313,2,2,3,1
S1314,2,3,3,2
S1315,3,2,3,3
S1316,4,3,3,2
S1317,2,2,3,1
S1318,2,1,1,2
S1319,2,2,1,1
S1320,3,3,2,3
S1321,3,4,3,3
S1322,2,2,1,1
S1323,4,4,4,4
S1324,2,4,4,1
S1325,3,3,3,3
S1326,2,3,3,3
S1327,4,4,3,3
S1328,2,2,2,2
S1329,4,4,3,4
S1330,2,3,3,4
S1331,3,4,3,2
S1332,4,4,4,4
S1333,3,3,3,1
S1334,1,1,2,1
S1335,1,3,4,4
S1336,3,4,4,2
S1337,3,1,4,2
S1338,4,4,3,3
S1339,4,4,3,1
S1340,2,1,1,1
S1341,3,3,3,2
S1342,2,3,3,4
S1343,2,2,2,3
S1344,4,4,3,1
S1345,2,3,2,3
S1346,4,3,4,2
S1347,3,3,3,1
S1348,3,2,4,3
S1349,1,1,2,1
S1350,1,1,2,1
S1351,1,4,4,1
S1352,3,3,2,3
S1353,2,2,3,1
S1354,1,4,3,3
S1355,3,4,3,3
S1356,3,2,2,3
S1357,1,1,1,1
S1358,2,2,3,1
S1359,3,4,4,3
S1360,4,2,3,3
S1361,1,2,2,2
S1362,2,1,2,1
S1363,2,3,3,2
S1364,2,2,3,2
S1365,4,3,3,4
S1366,2,1,3,2
S1367,4,3,3,4
S1368,1,1,2,2
S1369,1,4,2,4
S1370,2,2,2,2
S1371,2,2,3,2
S1372,2,4,2,3
S1373,1,2,2,2
S1374,1,1,3,3
S1375,3,2,4,3
S1376,2,2,2,2
S1377,3,3,4,2
S1378,3,4,4,2
S1379,2,3,4,1
S1380,3,4,3,2
S1381,4,3,2,3
S1382,1,2,3,3
S1383,3,4,4,2
S1384,1,2,2,1
S1385,1,2,2,1
S1386,4,4,4,3
S1387,4,3,3,2
S1388,3,4,2,3
S1389,2,2,1,2
S1390,3,4,4,2
S1391,2,3,1,3
S1392,4,3,4,3
S1393,4,4,4,4
S1394,3,3,4,3
S1395,3,2,4,2
S1396,3,3,2,3
S1397,3,2,3,1
S1398,4,2,4,4
S1399,2,4,3,4
S1400,1,2,4,3
S1401,3,3,4,4
S1402,2,4,3,1
S1403,3,3,3,2
S1404,3,4,2,2
S1405,2,4,3,3
S1406,3,3,3,4
S1407,4,4,4,4
S1408,4,3,2,2
S1409,4,3,4,3
S1410,1,1,1,2
S1411,4,1,3,2
S1412,3,3,4,2
S1413,2,1,2,1
S1414,3,2,3,1
S1415,4,4,4,3
S1416,2,1,4,2
S1417,2,1,2,2
S1418,3,2,2,2
S1419,4,3,3,4
S1420,3,2,2,4
S1421,3,2,2,3
S1422,4,3,4,3
S1423,2,2,3,3
S1424,1,3,4,2
S1425,3,2,3,3
S1426,3,2,4,4
S1427,2,3,3,1
S1428,2,2,2,1
S1429,2,3,1,2
S1430,4,4,4,4
S1431,2,2,3,3
S1432,3,4,3,3
S1433,4,4,3,1
S1434,1,2,1,2
S1435,4,3,4,4
S1436,3,3,2,2
S1437,4,2,3,3
S1438,3,4,3,3
S1439,3,2,2,2
S1440,3,3,2,2
S1441,1,1,2,2
S1442,4,1,4,2
S1443,1,2,3,1
S1444,3,4,4,3
S1445,3,3,3,3
S1446,3,2,3,2
S1447,3,3,2,1
S1448,4,4,3,3
S1449,2,1,3,3
S1450,3,3,3,2
S1451,4,3,2,3
S1452,4,3,2,3
S1453,3,1,2,1
S1454,3,2,2,1
S1455,3,3,4,4
S1456,4,4,3,3
S1457,3,4,2,1
S1458,2,2,4,3
S1459,3,3,3,1
S1460,2,3,3,4
S1461,2,2,4,4
S1462,2,3,3,4
S1463,4,3,4,3
S1464,3,3,3,4
S1465,2,2,1,3
S1466,3,3,4,4
S1467,1,1,2,3
S1468,3,2,2,2
S1469,1,1,2,2
S1470,2,3,3,3
S1471,2,1,2,2
S1472,1,2,1,1
S1473,3,3,2,4
S1474,4,4,4,4
S1475,4,4,3,3
S1476,2,3,4,3
S1477,3,3,1,1
S1478,3,2,4,3
S1479,2,4,2,1
S1480,4,3,4,4
S1481,4,4,4,1
S1482,3,4,4,4
S1483,3,3,4,1
S1484,1,1,2,2
S1485,3,4,3,2
S1486,2,2,4,1
S1487,3,1,2,2
S1488,4,4,3,4
S1489,3,2,3,1
S1490,4,4,4,4
S1491,1,4,2,3
S1492,3,3,3,1
S1493,1,2,1,2
S1494,1,1,2,2
S1495,4,4,3,3
S1496,4,3,4,3
S1497,1,2,2,3
S1498,4,3,4,2
S1499,2,2,3,4
S1500,3,2,3,2
S1501,1,2,2,3
S1502,4,4,4,4
S1503,2,2,3,2
S1504,2,2,2,1
S1505,3,3,2,3
S1506,3,2,3,1
S1507,2,2,3,3
S1508,2,3,4,3
S1509,1,2,3,1
S1510,3,4,3,4
S1511,1,2,1,2
S1512,2,2,2,3
S1513,3,4,4,4
S1514,3,2,3,2
S1515,4,1,3,3
S1516,3,4,2,4
S1517,3,2,2,2
S1518,2,3,3,4
S1519,2,2,3,1
S1520,2,2,2,3
S1521,3,2,2,3
S1522,2,3,1,4
S1523,3,3,2,3
S1524,4,4,3,2
S1525,1,1,3,1
S1526,2,3,1,1
S1527,3,3,4,4
S1528,2,3,3,1
S1529,2,1,3,2
S1530,3,4,4,3
S1531,3,3,1,1
S1532,3,4,4,4
S1533,3,3,4,2
S1534,1,2,3,2
S1535,1,1,2,2
S1536,3,4,4,3
S1537,2,2,3,1
S1538,2,3,4,2
S1539,1,2,1,2
S1540,3,2,3,2
S1541,3,4,4,3
S1542,2,2,3,2
S1543,2,2,3,3
S1544,2,3,3,1
S1545,3,2,3,3
S1546,3,1,3,2
S1547,1,2,2,2
S1548,3,4,3,2
S1549,3,3,4,1
S1550,4,3,4,3
S1551,2,2,4,1
S1552,4,4,4,4
S1553,4,3,4,2
S1554,2,3,2,3
S1555,2,4,3,2
S1556,4,2,2,1
S1557,3,3,1,3
S1558,2,2,2,3
S1559,2,2,3,3
S1560,3,2,2,2
S1561,3,2,4,3
S1562,3,2,2,2
S1563,3,3,3,1
S1564,4,4,3,4
S1565,2,2,3,4
S1566,4,3,2,2
S1567,2,3,1,2
S1568,2,1,1,2
S1569,2,2,2,2
S1570,3,3,3,3
S1571,3,4,2,3
S1572,3,2,1,1
S1573,3,3,4,3
S1574,2,3,4,4
S1575,1,1,3,2
S1576,2,2,3,2
S1577,3,2,3,3
S1578,1,3,3,2
S1579,2,4,3,3
S1580,4,3,4,3
S1581,3,4,2,2
S1582,3,3,3,3
S1583,2,2,1,2
S1584,4,3,3,1
S1585,1,2,1,2
S1586,2,2,3,4
S1587,3,3,3,3
S1588,3,2,3,3
S1589,2,4,4,4
S1590,2,2,1,3
S1591,3,3,2,3
S1592,2,2,3,2
S1593,4,3,3,3
S1594,1,3,2,2
S1595,1,2,2,3
S1596,2,3,3,4
S1597,3,3,2,2
S1598,3,3,4,4
S1599,1,4,3,2
S1600,3,4,4,3
S1601,2,1,2,2
S1602,2,3,3,1
S1603,3,4,3,4
S1604,2,1,1,1
S1605,2,3,4,2
S1606,2,2,3,2
S1607,3,3,4,2
S1608,2,2,2,4
S1609,3,2,4,2
S1610,3,1,2,2
S1611,3,2,2,1
S1612,2,2,1,2
S1613,4,3,4,2
S1614,3,3,3,3
S1615,3,3,2,3
S1616,2,4,3,2
S1617,2,3,3,2
S1618,1,1,1,2
S1619,3,2,3,1
S1620,2,3,4,3
S1621,3,2,1,1
S1622,3,4,3,2
S1623,1,3,1,1
S1624,4,2,4,2
S1625,2,3,2,2
S1626,3,3,2,3
S1627,2,3,3,3
S1628,2,4,3,3
S1629,1,1,1,1
S1630,1,2,3,1
S1631,4,4,3,2
S1632,4,4,4,4
S1633,2,1,2,1
S1634,3,3,4,3
S1635,3,3,4,4
S1636,2,3,2,1
S1637,2,2,2,2
S1638,1,1,1,2
S1639,2,4,4,2
S1640,3,4,3,2
S1641,1,2,1,1
S1642,3,2,3,2
S1643,1,1,2,1
S1644,4,4,4,2
S1645,3,2,2,1
S1646,3,2,3,1
S1647,3,2,2,3
S1648,2,2,1,1
S1649,2,4,4,3
S1650,3,4,4,2
S1651,3,4,3,3
S1652,3,3,3,4
S1653,3,2,3,4
S1654,3,3,3,1
S1655,2,3,1,2
S1656,1,2,2,2
S1657,3,2,2,2
S1658,2,3,4,2
S1659,2,4,4,4
S1660,2,2,3,4
S1661,2,1,2,3
S1662,3,2,3,1
S1663,4,3,4,3
S1664,3,4,4,3
S1665,2,2,2,4
S1666,3,2,3,1
S1667,3,3,4,4
S1668,2,2,3,1
S1669,3,2,3,3
S1670,1,3,1,4
S1671,2,2,2,3
S1672,3,2,1,3
S1673,4,4,2,3
S1674,3,2,4,1
S1675,2,3,4,3
S1676,4,4,3,3
S1677,1,2,2,3
S1678,4,4,4,2
S1679,2,3,2,2
S1680,2,4,2,3
S1681,4,3,2,3
S1682,3,3,3,2
S1683,3,2,3,1
S1684,3,3,2,2
S1685,2,1,1,3
S1686,2,1,2,3
S1687,3,2,2,2
S1688,1,1,1,1
S1689,3,4,4,4
S1690,1,3,3,4
S1691,2,3,3,3
S1692,3,1,1,1
S1693,3,2,3,3
S1694,2,2,4,3
S1695,3,2,2,3
S1696,4,4,3,2
S1697,2,2,4,3
S1698,4,3,2,2
S1699,3,1,1,1
S1700,2,2,3,2
S1701,2,2,2,3
S1702,3,3,2,2
S1703,2,2,3,1
S1704,3,2,4,3
S1705,2,3,3,4
S1706,3,3,4,2
S1707,3,2,3,2
S1708,2,1,3,2
S1709,4,3,4,4
S1710,4,4,3,3
S1711,2,2,2,1
S1712,2,1,3,2
S1713,1,1,3,2
S1714,2,1,3,1
S1715,1,1,2,2
S1716,2,2,4,3
S1717,2,2,4,4
S1718,1,2,1,1
S1719,4,4,4,1
S1720,2,3,2,3
S1721,2,4,4,2
S1722,3,3,3,3
S1723,3,3,4,1
S1724,3,1,3,3
S1725,3,3,4,3
S1726,3,1,2,1
S1727,2,1,1,1
S1728,3,2,2,2
S1729,2,1,1,2
S1730,3,4,4,4
S1731,2,2,3,3
S1732,1,2,3,1
S1733,4,4,4,2
S1734,3,2,3,2
S1735,3,2,4,3
S1736,3,2,3,3
S1737,2,3,2,4
S1738,3,1,1,2
S1739,4,2,4,1
S1740,3,4,4,4
S1741,1,1,2,2
S1742,2,3,1,4
S1743,2,3,2,2
S1744,2,3,4,4
S1745,4,4,3,3
S1746,4,1,3,3
S1747,2,3,3,3
S1748,1,2,2,3
S1749,1,1,1,1
S1750,3,2,4,4
S1751,3,2,3,2
S1752,4,4,4,3
S1753,1,1,2,1
S1754,3,1,1,1
S1755,3,3,2,2
S1756,4,2,2,2
S1757,1,1,1,1
S1758,3,4,4,3
S1759,4,3,4,3
S1760,3,4,4,3
S1761,3,2,2,4
S1762,4,3,3,3
S1763,4,4,4,4
S1764,3,2,3,2
S1765,2,2,3,3
S1766,3,2,3,3
S1767,1,2,3,2
S1768,2,2,1,2
S1769,3,2,3,1
S1770,3,3,3,3
S1771,3,1,2,1
S1772,2,2,3,4
S1773,1,2,1,2
S1774,2,4,2,3
S1775,2,2,3,2
S1776,4,4,4,3
S1777,1,1,1,1
S1778,3,3,4,3
S1779,3,2,3,1
S1780,4,4,4,4
S1781,4,3,4,2
S1782,3,4,4,4
S1783,3,2,4,4
S1784,4,1,3,2
S1785,1,2,2,4
S1786,3,3,3,3
S1787,3,1,2,1
S1788,2,2,1,2
S1789,2,2,3,1
S1790,3,3,2,1
S1791,1,1,3,3
S1792,2,2,2,2
S1793,3,3,3,3
S1794,2,3,2,2
S1795,1,2,4,2
S1796,2,2,1,1
S1797,4,4,4,4
S1798,2,1,4,3
S1799,3,3,2,2
S1800,3,4,4,1
S1801,2,4,3,1
S1802,3,3,3,2
S1803,4,2,4,3
S1804,3,1,3,1
S1805,4,4,4,3
S1806,2,3,2,2
S1807,4,3,4,4
S1808,1,2,3,3
S1809,4,4,4,3
S1810,4,4,4,4
S1811,2,3,2,2
S1812,3,3,2,3
S1813,2,2,3,4
S1814,4,3,4,2
S1815,3,3,3,2
S1816,4,3,4,3
S1817,3,4,1,2
S1818,3,2,2,3
S1819,3,3,3,3
S1820,3,3,4,4
S1821,1,2,2,1
S1822,2,4,3,3
S1823,3,3,4,3
S1824,4,2,3,1
S1825,2,3,4,4
S1826,1,2,3,4
S1827,3,4,4,2
S1828,3,2,3,2
S1829,3,2,4,1
S1830,2,2,2,4
S1831,3,3,4,2
S1832,2,3,2,3
S1833,2,4,3,3
S1834,1,2,3,3
S1835,2,2,2,2
S1836,2,1,3,1
S1837,2,1,3,2
S1838,2,3,4,3
S1839,1,1,1,1
S1840,3,2,4,3
S1841,1,1,3,2
S1842,3,2,2,3
S1843,4,4,4,3
S1844,3,4,2,3
S1845,3,3,4,2
S1846,2,3,4,3
S1847,2,2,2,3
S1848,1,2,2,3
S1849,3,3,3,3
S1850,2,3,2,2
S1851,4,3,3,4
S1852,3,3,4,3
S1853,2,3,3,1
S1854,2,2,2,2
S1855,3,2,3,3
S1856,2,3,3,3
S1857,3,3,3,2
S1858,3,4,3,2
S1859,2,1,1,1
S1860,3,3,1,4
S1861,3,2,3,3
S1862,3,2,2,3
S1863,2,3,3,1
S1864,2,3,1,1
S1865,2,2,3,2
S1866,4,4,4,3
S1867,1,2,3,3
S1868,2,3,3,2
S1869,2,3,4,4
S1870,3,3,3,3
S1871,4,2,3,2
S1872,4,2,2,2
S1873,3,3,2,2
S1874,3,3,3,3
S1875,3,3,2,1
S1876,3,2,3,1
S1877,2,2,4,2
S1878,2,3,3,3
S1879,4,4,4,3
S1880,4,4,4,3
S1881,1,2,3,1
S1882,3,3,1,3
S1883,2,2,2,3
S1884,2,4,2,3
S1885,3,2,1,1
S1886,2,2,2,2
S1887,2,3,3,2
S1888,3,1,3,1
S1889,2,3,4,3
S1890,1,1,1,1
S1891,2,2,1,1
S1892,2,4,4,1
S1893,3,4,4,3
S1894,4,4,4,3
S1895,1,2,1,2
S1896,3,3,3,1
S1897,2,2,3,2
S1898,3,1,2,2
S1899,3,4,2,2
S1900,2,2,3,4
S1901,2,2,3,2
S1902,2,1,3,2
S1903,1,1,2,3
S1904,1,2,3,2
S1905,1,1,1,2
S1906,4,4,3,3
S1907,1,3,2,3
S1908,3,3,3,3
S1909,2,3,2,1
S1910,2,2,3,3
S1911,2,1,2,2
S1912,3,4,4,4
S1913,2,1,3,1
S1914,2,3,2,1
S1915,1,2,1,2
S1916,1,3,2,3
S1917,3,4,4,4
S1918,3,2,4,2
S1919,2,3,2,3
S1920,3,4,4,4
S1921,1,1,2,1
S1922,2,4,3,2
S1923,3,2,3,2
S1924,1,1,2,2
S1925,4,2,2,3
S1926,3,2,4,2
S1927,3,3,3,2
S1928,2,2,3,4
S1929,2,1,3,1
S1930,2,1,3,1
S1931,3,3,3,2
S1932,3,2,4,2
S1933,2,2,1,2
S1934,3,3,3,3
S1935,2,1,2,2
S1936,3,3,3,3
S1937,2,2,3,2
S1938,1,2,3,2
S1939,3,2,3,2
S1940,2,1,1,2
S1941,4,4,4,2
S1942,2,3,4,1
S1943,3,3,3,2
S1944,3,2,1,3
S1945,2,3,3,2
S1946,3,2,3,1
S1947,3,2,4,3
S1948,3,3,4,2
S1949,3,3,2,1
S1950,2,2,2,3
S1951,4,4,3,3
S1952,3,3,2,2
S1953,4,2,3,3
S1954,3,4,4,1
S1955,4,3,4,3
S1956,4,2,3,3
S1957,1,1,2,2
S1958,3,3,3,3
S1959,3,1,3,1
S1960,3,3,3,4
S1961,1,2,2,2
S1962,3,4,4,2
S1963,3,2,2,2
S1964,2,2,3,4
S1965,3,4,3,3
S1966,2,1,3,1
S1967,3,3,4,2
S1968,2,2,3,3
S1969,3,2,3,1
S1970,4,3,3,2
S1971,3,2,2,1
S1972,2,1,2,3
S1973,1,2,1,2
S1974,2,2,2,4
S1975,1,2,3,4
S1976,3,3,3,1
S1977,2,1,3,3
S1978,2,3,2,4
S1979,3,4,2,1
S1980,3,2,3,1
S1981,3,3,2,4
S1982,1,3,2,4
S1983,1,2,1,4
S1984,2,3,2,1
S1985,2,4,2,1
S1986,3,3,4,1
S1987,3,4,4,3
S1988,2,2,3,3
S1989,2,1,1,2
S1990,2,1,1,2
S1991,3,3,2,4
S1992,1,2,3,1
S1993,2,3,3,2
S1994,2,3,3,3
S1995,2,3,3,2
S1996,3,2,3,2
S1997,3,1,4,3
S1998,2,2,4,3
S1999,4,3,4,2
S2000,4,3,4,4
